filename,label
2f5fef0e-acf7-4e8f-9c69-ab7a36210e53.mp3,1
73631fe2-3ae8-4ba3-a1dc-2daf79e99dbb.mp3,0
699d280d-d83a-496d-b55f-a91c4325aa90.mp3,0
11b69386-6d5f-4b87-9d79-481f6fd2e4cc.mp3,0
089fef77-dc70-4430-9f60-e27072180e3f.mp3,1
db3fa210-b102-4e48-9e4b-1a3e2b3b9dd8.mp3,0
f70fa501-47be-46a5-aff5-ffa1ac3a9c14.mp3,0
14da6bc4-e823-41e9-a4c1-7804a8e089cd.mp3,0
cb2dba3f-f3fc-4ede-923a-7a39ef506162.mp3,1
b3dfc778-0d95-4004-9f05-4bb0b9900233.mp3,0
08ff155e-4dcf-4797-a8e2-e9e37ea87e25.mp3,1
f2058c57-7a88-4f8a-adb7-fa90808f07a5.mp3,0
54dc97d0-88bc-44d6-a249-c52c3557617f.mp3,0
de03659e-cc0e-42a1-888a-1c92525b4683.mp3,1
ffbe076a-b582-40a0-8003-4da669ae417a.mp3,1
b53e8b74-4d54-45a0-b8cd-2e65af706574.mp3,0
73a2bb53-c3e8-4499-9587-44e0239ff9e8.mp3,0
4af91790-23d4-466f-ac2c-fe8ddbbc0a7c.mp3,0
8f51c8cf-40da-49e7-b642-b60336a25d08.mp3,0
fc0d91b0-9a4d-469d-9792-54d86ec0c46b.mp3,1
9635a92e-add4-4e06-8dd6-35dd2e4a48a2.mp3,0
09411082-5183-4173-876f-d0cbd86cd30a.mp3,1
c6b3c9aa-505b-4360-b7a7-7f78ccb0ace4.mp3,2
972bfd60-367f-40a9-8fd4-531508282888.mp3,0
608a0bf3-de45-4c8d-90f6-da148467ac36.mp3,0
10575045-e3e0-4eef-866e-439aa0129d02.mp3,1
f4a80655-0519-46e1-b945-7e9e2d728dbb.mp3,0
39cf755e-9be2-4345-9f78-6ecb4441f70e.mp3,0
1c6308bf-54cd-4fab-8794-fd8624df6e5b.mp3,0
eff66851-1cda-485e-a091-8b5841b83972.mp3,1
a40ec7b5-5a09-459b-beb7-37b200e03f20.mp3,1
fa8442ad-cbc5-4593-b36a-8ee717436bda.mp3,0
dd28bc04-9093-426f-808e-2fb75abe1e03.mp3,0
556c57dd-64d3-4bf4-98b1-a940cc289a21.mp3,1
4e3dc4bf-23b1-4036-993c-e19d7a035444.mp3,1
e10a484a-89b5-44c6-bdc2-daf98a16f136.mp3,0
eb138202-98d6-41a9-9b85-f06e1ea9633e.mp3,0
4fc1ec03-9291-4158-b339-839ed9971e7c.mp3,1
e3390ad4-d1ab-4842-942f-a2f66c06b8b4.mp3,0
0cfaa9c1-1405-4742-aa24-4b90682714a7.mp3,0
b326ba97-357c-47c3-8127-6da35262ea47.mp3,0
d19cbc80-dedf-4bc1-afde-7d326c496f59.mp3,0
b07719ee-cd49-4051-a01f-7333cb33ce01.mp3,2
bc4dc2de-8ad5-4525-b7bb-76b401fd01cc.mp3,0
46dab7c9-34e2-4b3e-956f-0b60abe28c7b.mp3,0
5a0418e5-f978-4e76-8659-e0567ef44e95.mp3,0
b6340636-8c41-49d4-b1e0-9dd1d232895a.mp3,1
841adad5-f516-4b39-acee-afebcbd3e648.mp3,0
b107e7b8-0d71-4687-950f-364174049637.mp3,0
6f40b050-af15-49e0-89fc-02b3b94ee1ab.mp3,0
4e4e84a3-c48b-42c0-bf48-a70b86b80ad3.mp3,0
1fc44552-7379-450c-ad4b-281988137414.mp3,1
2860f2d6-da97-4bee-b5c5-b8ad9744d526.mp3,0
ad408ab5-9a9e-4923-b99b-7ab17496a37c.mp3,1
f304ef39-cd7b-4727-8fd4-06f0b23c659c.mp3,2
d940d193-3bf8-4f1c-a2a4-b50de422f755.mp3,0
4293a546-ebfa-44c9-989b-420788f3ffad.mp3,0
a22d8da8-22cb-43c8-8182-5b2111ce9e9a.mp3,0
723f0ae7-af0d-497c-bf36-17bf37228c5c.mp3,0
e8e09834-8420-465c-953a-c81af580dfb7.mp3,1
d00c4c00-5d24-45ac-859f-d65cfe3d8e50.mp3,0
e651abf1-f4f0-42ab-a06a-70d2fcd3edfa.mp3,1
fe7bfc8d-e309-4f6a-8c1f-fd30432f02c1.mp3,1
3b3c569e-83e9-4e74-8b50-0b2ad98b9bb6.mp3,0
bdaa4ddd-517d-43ca-97b8-87c146df9b10.mp3,0
e2be841f-3eee-4f06-b91c-4beeeb1726e3.mp3,1
7a2d6cb6-e1ce-4b97-bd73-43b581b97d64.mp3,0
02eb067e-9ba2-4c0e-aa7e-0be8cba0a66d.mp3,0
2cac01ac-41d8-4982-823f-7765e468216d.mp3,1
e2342bed-1cb3-4838-bf42-8d4330e49140.mp3,1
fcd97843-d2fc-4f02-833f-62c4f27b65c7.mp3,0
b73b6b17-d411-4c74-aa5d-c540219ebba5.mp3,0
6d25dd3c-0d40-4a41-8041-ac6346461d06.mp3,2
c701efa3-99c2-4109-b8a0-c37db0e74dfc.mp3,1
7a38d643-cefa-42da-b80c-8786fa795360.mp3,0
ab7bf321-e531-4f1f-ade4-549ab5707411.mp3,0
3f0b7ad2-0fe5-430b-95f2-074e7f563d28.mp3,0
7535868a-42b1-4d7d-be1c-fba6a307376d.mp3,0
f7197ca0-3492-4b26-b9a4-97ae9fd046ec.mp3,0
7da18654-3f77-43df-b165-2eab914cc94e.mp3,0
5d1f9e02-04ff-4eb6-8ee4-896fce16decc.mp3,1
642fe49c-e49d-468c-b6eb-2fdd182342d0.mp3,0
9b087324-5563-4729-a94d-512b73fef381.mp3,2
e8383942-db1f-48c4-bcd8-714eba54bfc6.mp3,0
892f7bbc-969e-4ebe-a241-280f9c09d587.mp3,1
1bb9df09-59a8-46c6-a13d-ff5aa1067768.mp3,0
e61a47f1-f20d-42ee-927b-558eeef9bd83.mp3,1
e099a6db-e198-4b75-9444-a57393036245.mp3,0
5d0a3cd4-4dd7-4e61-ad2d-682a2e5e6c4b.mp3,1
17d013b1-7c83-4858-92c4-684297a8f35c.mp3,0
7269f6b0-5e9a-48d5-b88e-34e04a9fd6ac.mp3,0
9cb6f13d-25e5-4f25-9e03-f02c89ed2e4c.mp3,0
c6dc8713-7fbe-4c34-ac0e-895801bb9104.mp3,0
3fa8406b-3b30-4260-bd82-2bae36c24479.mp3,1
1ececbaf-feb1-46fb-be38-22b8bdae37bf.mp3,1
0d866ac8-559a-46fc-9c79-a4f2d1d2de29.mp3,0
0e4230e3-10ff-43ce-b72f-0484fa25038d.mp3,0
61f2ddfa-397a-49dc-b9b7-b4f88f35a0f5.mp3,1
b93d1988-72b0-4a73-aa6e-8f107e560eb3.mp3,1
4d44ce48-678f-45b4-91a4-1e072bcb7360.mp3,1
4f8f8aed-12f1-4e5b-9692-910f621b608a.mp3,1
e7d86394-1097-4ab7-9a28-58f4528158a3.mp3,0
7a36b3ba-75ff-4702-8045-b53073737688.mp3,1
87e8fb5c-ebbe-4f18-88ff-891d85bd709a.mp3,0
e9dc7ccd-d0ee-4b6d-80f1-b07b58e52ef8.mp3,0
099ea2ae-193b-4426-a6f7-67f46a4475e3.mp3,0
08abb4ef-d848-472e-b4cd-cf303feea71a.mp3,0
dbb35891-8626-4a29-900a-61f656f6b0ab.mp3,0
4b0948d9-a2ed-402f-88ca-4587e3b1c49a.mp3,0
9611c172-6b3f-4a46-99f4-0f3b56c0a421.mp3,0
bb6e515b-6949-49d5-9349-af98adef4ed6.mp3,0
dbc83b71-4e90-472d-87f7-34941cdc4eb9.mp3,1
2cbc11e8-c112-4f4f-a86a-75abb9f110a7.mp3,1
6b87a981-021b-4d58-8c80-5f82444365cd.mp3,0
de6937b9-826a-47a7-8ca8-1b9daa0e1165.mp3,2
9a2a7232-c4fb-40fb-bbd4-3b22fa84d2a7.mp3,0
392faf7c-0b3e-49e2-89c1-ab76b1e83d78.mp3,0
9dc372de-68a8-45e2-a535-d76b54f147d1.mp3,2
935c7689-88e2-4dfe-a80d-5edeba1876a4.mp3,0
4557c5c1-7973-460b-8009-36ba75f7604b.mp3,0
9cbeb243-c71e-4542-bebf-225dc5ef34b4.mp3,1
6e1a27a5-c114-4266-92fa-04e69434951e.mp3,1
a34701aa-b283-40c3-a77b-6fdce4e7cbda.mp3,1
e3155ed0-9fbf-4221-a9ff-73d17e22c73d.mp3,0
926e239f-20e0-4bf5-a78c-ac7c09a87e52.mp3,1
97873e58-900f-410b-9416-bfc5a9cada33.mp3,0
71f6009d-f0a5-4ad8-bc3d-b1c04a648c99.mp3,0
e76c42a2-7500-4155-9662-97da65d7efcb.mp3,1
d7824994-530e-4488-b66b-1332c56af933.mp3,1
fc9f938a-1936-467e-9fef-7cf33cf9079f.mp3,0
fa3b5ff5-e16d-4244-86c3-ec041018eea1.mp3,0
476937f9-34be-4c5f-81bd-048a6d28920c.mp3,1
ebc26a1a-8f59-4402-b3ed-8a96804ecef7.mp3,0
f8e48124-081f-4f45-b1a9-280b5048971b.mp3,0
b366b2b0-6d7e-482a-8b7b-aa8d4bb561b8.mp3,1
e1e479f2-5355-42bc-ab03-c9a09d0e7561.mp3,0
7a6077b6-8f08-4461-8d19-8b12244190c3.mp3,1
2607a58b-d32f-4a10-9249-94c14240016a.mp3,0
41d46402-7076-40e8-8995-495b6f78c261.mp3,0
dc0bd0d3-c2fc-4670-b942-c345bc24c0ec.mp3,0
c99159bc-6c27-45fe-9bbf-12a0daa54975.mp3,0
e6eedc62-06bb-4b74-b987-0726f3855b21.mp3,2
21ccd78b-f2f0-42f9-957c-faa72bbd4ee2.mp3,0
2bb9133f-c2c9-4e80-8ed8-f7a3b72c4ab4.mp3,0
c8e6f3f4-4311-4d8f-949c-357247dea303.mp3,0
6ea02fa7-a2c9-4b9c-ab33-c488624f89b5.mp3,1
409a4356-3280-4b60-bae3-a255b1b0e41e.mp3,1
8d6902e6-bd47-46b3-a23c-1e26c0b277af.mp3,0
ba9fa32a-a798-4c90-9792-eedcfd130987.mp3,0
4604f8b1-dcbe-42aa-b517-72a488e5386d.mp3,1
1d4e9e95-2b27-43bc-b9c7-539d1e13a958.mp3,0
8b2ec651-f417-4a3e-ade1-338b6a8f5171.mp3,0
f3cea793-8f13-4883-aeea-212ae7a0c6c0.mp3,0
680d1815-cc47-45f1-ac68-9c9f78046947.mp3,0
bf512efd-0e8a-4ec8-8c64-97ab3d6da413.mp3,0
5b4baddf-0c26-4b7d-a86c-f21c0f390c71.mp3,0
52f5a7bb-08db-45f3-a812-12eb28e5bb2d.mp3,0
b752dab2-adb0-460f-9ba2-4ab74db1125f.mp3,0
e2e324a4-29b5-4a65-aedf-38c6981db928.mp3,1
c373fbd9-bb05-4518-9eee-44884bcf1df8.mp3,1
efeaa4ec-ce48-478a-9990-145eab8d348e.mp3,1
be78285e-b5ca-439b-a2b4-bb42fbb5771e.mp3,0
e4462358-5f2c-4582-a7b7-28e25245e8b2.mp3,0
374cdba6-431a-474d-ad3d-1671f17baf6f.mp3,1
ddefc031-87f5-47c4-b25d-8971d5ac3068.mp3,1
b893bb38-c817-48ea-96d7-b1a48c76d39f.mp3,0
367e0b47-e4ae-4844-96e8-620f94f40d63.mp3,2
b5d35b9f-be42-485f-9441-4a2918b833aa.mp3,0
936d2fd6-b887-42a0-9958-4b0aa058656c.mp3,1
9008f875-de05-4978-abc3-e145c22646e4.mp3,1
63f44154-2296-4508-9f5a-2a12662db18e.mp3,0
53b727c2-df5d-4ea8-b3f7-e6a81f449980.mp3,0
7cd7f343-cea3-46c8-afb4-ab600b6c4717.mp3,1
9967101d-e11f-42da-9458-5b48b50d830c.mp3,0
f4592ff7-5de1-4b00-8a24-1f5853b24048.mp3,0
7b35a653-16b9-4989-911d-28abe501fb5c.mp3,1
052e79e2-717f-4a4a-96f3-6c51697fbf80.mp3,0
53ac0397-4bf2-4c1a-a2d7-dd51ea0244f4.mp3,0
4827c378-708f-4512-be07-413237751d04.mp3,0
3e826dd6-6ff1-4101-b891-f3b73f213a48.mp3,0
59cfe3ad-ca3c-44a5-9a42-c42e7af137d6.mp3,0
8934d1ce-5fa8-4956-8db9-1a7f68d8b2c8.mp3,1
501fdd3e-57e7-4d0e-a01a-ed596fbdac7a.mp3,0
9a1bda92-7d55-4406-a7f4-1fa8d98b51ce.mp3,1
03725c6a-1932-491a-a96a-761f0e39f882.mp3,0
a49a8123-93b3-4ad3-87c0-c42164059653.mp3,0
7225d493-fc3c-42a7-825d-cce30253937f.mp3,1
92a2d578-fedc-4396-854f-baf1a514f030.mp3,2
fd82dc30-50f4-4e2b-82af-96782ca9eaac.mp3,0
e12f521d-bd9b-4242-8beb-8e30674cc283.mp3,0
93888add-3061-42d3-9afc-1287fdfe7669.mp3,0
6b73388f-4356-4516-b9c3-071f430a89c2.mp3,1
eef19b39-eed4-406f-87ad-92e238bbd9cd.mp3,1
d69c3d54-f785-41c5-8d16-38e29a4ca49d.mp3,0
a07edcef-c2c2-414b-b93d-4da2f2b0be44.mp3,1
e1ec3340-9961-48c0-a42c-11b1dc3b43c5.mp3,1
1c52c38c-c220-430c-8d42-a109496d3b4e.mp3,0
74ad9e1b-8051-450b-90ae-ec1d781606cd.mp3,0
3868313e-e2e4-4cbc-b46e-298cc5a851e3.mp3,0
d0777e11-9f90-4700-b16f-05cee546c31b.mp3,0
d8d49797-8824-4e67-b092-301c22c5ebdd.mp3,0
d24588ea-b688-4fa6-a65b-a31ad2fed60f.mp3,1
44664267-13a7-4246-b0f5-7bebe82b68c9.mp3,0
512de186-2d89-486c-a217-094c4c8d1c04.mp3,0
fda717f0-a84e-42af-a13f-4e9167a8cf74.mp3,0
e132bb1d-826c-4b07-a689-312b2a3b5650.mp3,1
1c148f60-0666-4974-9227-c47898a8b32e.mp3,0
82ae17f7-424a-4e26-907a-eccf36f6e66b.mp3,0
f0ce18a7-2126-45b6-80a2-726b01788c15.mp3,0
01d22314-d8bd-4bb1-965f-330d61aca081.mp3,0
ae36ddd2-eb0b-439f-b0a4-f8aca3b5d729.mp3,1
1315dbd4-ff61-4836-8189-52fe6bc5d964.mp3,1
7bc3aabb-906a-4ae8-aec4-a6e138bd2b82.mp3,1
3e7d252b-1e87-4b84-a0ce-b65f9bd935ff.mp3,1
c0b1c26d-4b74-4782-8e12-890c42d3c8fa.mp3,0
e2fa3ae4-3ec8-492f-b511-3a0f47532c29.mp3,1
2bb8e819-ddad-4a37-85a1-27c281280bc6.mp3,0
d2d3a720-f23d-4c4d-b73e-454b34a71b0f.mp3,0
fb7202ec-7045-434b-8fb2-0c5eb043140d.mp3,2
e38d24dc-0395-4b07-bd2e-0b8965a34c72.mp3,0
5c76583c-8ebd-406f-8e32-4e45b99f922b.mp3,0
91a00515-011b-4ba0-b811-82e449fde07a.mp3,2
0333dd6a-3a09-44c9-adee-585f151d3471.mp3,0
c9fa5724-920e-43be-bced-296627e494b2.mp3,0
0653fc8b-cda1-40e7-ac25-aec6d03ba021.mp3,0
0ec5d6bc-8666-4e28-a949-f7b07c23f77a.mp3,0
bcc1c468-8c6d-4ac3-888f-a202bd43ca4b.mp3,2
72d76e62-4a35-4280-85d4-4d445cd56e14.mp3,1
cff26558-e277-4878-bc06-1471c05e5016.mp3,0
3b8f8d8b-868d-43e6-a784-8fb342d7637a.mp3,0
0abd7938-a9a3-4aac-a2b1-4b701fb4845b.mp3,0
297198a4-2cf5-4469-b0ad-546570a70a9c.mp3,0
96ba23d0-2baa-4be8-b4fe-570dc2b2c59f.mp3,0
84fa600d-c9c3-43e9-99de-368ee6defb31.mp3,1
9bf30383-5f1e-456d-bebb-1c9b30d7b3a0.mp3,0
3b12fe0b-10c6-45c1-a318-dec1672d05db.mp3,1
5c51167f-a8f6-464c-851e-5ef4783c15ee.mp3,0
edd0cee7-f89f-4c28-b419-451c53a82b77.mp3,0
6bd5f878-d0a4-456c-8e35-67398f47e758.mp3,1
5986ff04-3fe7-4593-9a56-5655048762ea.mp3,1
04f2b7a2-a8fd-4036-ba38-c7da7cc5e2e9.mp3,0
49776589-eb94-4a8a-ae95-f4f7f84f42c0.mp3,0
a0dbba03-0ba6-4d33-9fb4-5003cfd9def7.mp3,0
c6e2dfa0-a758-41c7-a880-ad4cd13117fc.mp3,0
fdd19152-69dd-4211-898a-c753eabf9516.mp3,0
75fef19d-e0cd-41aa-b177-9564ecaa87d1.mp3,0
51e485be-d386-46c7-aaa0-c37290c7f528.mp3,0
ec467f72-c207-4e1f-8571-f6ff4a28bfa4.mp3,0
35852cde-7b29-49d8-ab7f-6de4663fba02.mp3,1
edce7a9e-2265-40e8-a3b5-74a54ce9f658.mp3,1
07140334-e7b5-4c98-ab16-7e299d11ecbf.mp3,0
baa1106d-ab83-4d6e-bc48-58a94104f766.mp3,0
38a8da37-01e4-496e-b5b1-254cb0edf4d9.mp3,1
f6946509-691a-4bc6-a01a-775059f4888c.mp3,0
7b8f302b-3553-46ea-be3b-a8f5cedbb439.mp3,0
e361028e-69eb-49e6-b455-01be3f417dcf.mp3,1
43a2cd98-6647-4b62-9fbb-f99164ebe267.mp3,0
c2274cd5-1746-4a32-8a97-6a69de7946d2.mp3,2
46c41001-5251-4d73-9da9-820aa2b5128c.mp3,1
984b0fe0-5db2-4562-b44a-6db4d9447934.mp3,1
a12bd337-a33a-4583-ba3b-6c2becf8be35.mp3,0
217a5ba9-51c8-4783-b9ee-e00a13d51de0.mp3,0
89fb57d1-a6da-468e-8d66-b0136c059eed.mp3,1
ecdaabde-53aa-4e95-9489-db958141696f.mp3,0
a2213618-435d-4ce2-a3c0-79e60a5e0d5c.mp3,0
1a00024e-2c15-47f9-85e2-72a483254fed.mp3,1
633fdb58-9898-4fd2-981f-8c2d8a80dca1.mp3,0
1e9d92d0-267b-45f9-91b8-25928b68abd5.mp3,0
06b03bb6-8c31-43e2-a57d-b08ade72eeee.mp3,0
69ca01da-0461-44fd-8985-5e55228a7b1b.mp3,0
3bd2f2aa-2d9a-4465-820a-d6d923ddc6ef.mp3,1
8a092692-f4dd-4833-aaf2-19d3ccb715f8.mp3,1
976097e3-a7d2-41df-be3e-2d5766a2bf78.mp3,0
b8ceae50-0806-4590-9511-8e054f239e89.mp3,1
51cba515-a724-4e5c-a306-cfc7487d3eae.mp3,1
16bb6b19-c123-4b5c-8e90-e55bfff15afd.mp3,1
d18c4730-39ef-4b60-8360-4654a0035be4.mp3,1
df437c7a-d122-438d-9c64-440104df96e4.mp3,1
c190f70f-bbce-4719-8b34-f5ae69e48eec.mp3,1
fef5ee90-a127-47e2-acfc-5f62aec31ea9.mp3,0
2ff5dc50-37c7-4e61-8d7a-f9b6e3d6f3c6.mp3,1
a03d11b2-8913-4906-aca4-fa7669b7681a.mp3,1
58b2bdec-e0f4-4da3-99ee-50e010e34909.mp3,1
256e8d7e-f5ed-4bb7-8366-8703b7bb9c59.mp3,0
7a8efa82-925c-4350-9733-74db536657c2.mp3,0
f0ee3c52-e2bf-409b-b90d-441934260dfc.mp3,0
30661f5b-87cc-4c19-8ead-b55eded70653.mp3,1
7d1b21d7-b507-4a3e-a277-c8ef44b031ad.mp3,0
9fd4a559-2865-4987-8e95-20c2820b6a95.mp3,0
49d871eb-443e-4f3a-b9eb-59d2c8a9124e.mp3,2
ca6b1fec-d725-4e05-82b1-947c32e21d39.mp3,0
3dbfd736-ce07-4a6d-8b3c-524b0102d044.mp3,1
e1c12851-28e4-4737-96af-7a7a4023b9e3.mp3,1
9c9a810e-eba7-48fe-9790-1181f0c7913d.mp3,0
a985751e-d7ec-4f71-a5f6-15b192e7b435.mp3,0
9ec1aec1-0098-459e-997b-25a8bcaee816.mp3,1
4b981271-67db-45cb-84cf-4ef135a61604.mp3,0
ad2ac3bc-ad5d-4a16-b3c5-610cf27ce69c.mp3,0
036d4eec-83aa-490c-a952-368a7ac70a84.mp3,0
638eddd8-d598-4435-8146-4ab8608341b6.mp3,0
187c6620-fafe-44d1-bce5-fb4d3ebab560.mp3,1
deb02ba4-fa03-4e03-8d9e-96284da63a67.mp3,0
15b9ea11-1399-475b-a2ec-3de6d372c35f.mp3,0
fa17d9e8-af0d-44ed-b9ed-148a334fc116.mp3,0
a785a940-8a3e-480a-8faa-5408c4547df5.mp3,1
e2a246f9-1443-4f13-aab1-856aaede9aba.mp3,1
4245f54a-76e2-47e1-98b6-0e180642e2b8.mp3,0
7878a61f-6057-410f-8f28-366f4482a5dd.mp3,0
86fdd32c-68eb-4a1d-a559-62d6954a9681.mp3,0
8a064226-c6ae-42b5-b590-8d92a18d5858.mp3,0
896c796f-469f-4274-a54d-689df2e112b5.mp3,0
0c803db4-3b99-4cdb-acee-436403780327.mp3,0
1f605c04-7e4a-491b-a632-3422fc48744d.mp3,1
7abc2627-9120-4cb3-a2c8-aba58d07cb88.mp3,0
e9daa09d-2820-4ff5-98af-46cee8a6a84b.mp3,0
34250cfd-f11c-4297-a10d-d2a654bfac12.mp3,0
a6753c34-df73-475c-a558-806bac4444e9.mp3,0
a72870b2-22d5-407c-943c-5438c59a07a3.mp3,1
25b5216b-d5a9-4447-a43b-e9126c4bf350.mp3,0
bc88324a-4088-4b3b-b733-d266960f4b96.mp3,0
a5c14f22-ebe7-42b5-8d81-725993601477.mp3,0
9f0cc889-05d7-4c83-8468-d8357430da06.mp3,2
1414c6ad-bacd-4ef8-93c0-ad2dfe96eb0e.mp3,0
a468e458-26fb-4dc3-9b0f-927a6613825e.mp3,0
1aa15c9f-8e6d-42c8-be5f-fbbe0d7155df.mp3,0
cf2bc9b9-b77f-40cb-9f31-621175d7ea44.mp3,0
785c78bf-d09d-4d83-8b8a-85029c5297a6.mp3,0
2f00402b-3b2a-40c6-ac0a-fe15320b194c.mp3,0
35bf6169-8a56-46ff-bdc3-546c84467f89.mp3,1
d51c51c2-32c3-4870-9fa4-421fa1b4650b.mp3,0
5f27e935-7769-4d92-bbd3-6f8bf1a74a5f.mp3,0
940606f8-7ec5-4466-82cf-98775a26689d.mp3,0
d5ccd2e5-1f5e-47b0-b253-344be7d75444.mp3,1
5831df5d-c2a9-41b9-872c-d828442f8c74.mp3,1
4bd10457-adfb-4704-9ed3-263be07b726a.mp3,1
41dfbc6c-2982-4e3e-a8d8-4707490c5673.mp3,0
95be11cf-c8f4-4d46-b510-a244ff572ec4.mp3,1
28999bd3-3e3d-4b4b-9513-d7d9a11a29d3.mp3,0
7d3d6ff5-8556-41c9-aab6-c7c8dd45f389.mp3,0
fb653c6d-bea1-42e6-b13b-4b4ac19bcb11.mp3,1
9c4f1b41-bf4f-4af0-bb64-eeb1c4c39c04.mp3,0
acb4f227-f86a-4ea9-841b-55308cf2d287.mp3,0
48b85ff2-64e0-465f-a2f0-aa40a22bf378.mp3,1
ef7778e6-8328-4830-b76f-a062ca161c7c.mp3,0
22cd5d45-0f04-4afa-a014-086bbd66899d.mp3,1
356e7e2f-f051-4200-956b-e50fed85ec89.mp3,0
a23aeeb3-6a65-4b70-bd4b-cf0f61bfbc32.mp3,0
7a670d2a-1dc4-48f7-bf80-d03ce56c63d9.mp3,1
5e4623a2-76c8-4e76-858f-1c1fdcc3bafe.mp3,1
9a1bda1d-a379-4f11-a98b-6bfa04e246ab.mp3,0
9718407d-4d4d-4513-ac79-fa2cc9b8332f.mp3,0
0e004a18-5cbf-46e9-b710-f9dbdaf1720f.mp3,0
bc5f623e-d5e9-48d4-974c-674aca010ea4.mp3,2
331a49e3-e5fb-4b88-9fa0-619622bf38a2.mp3,1
ea791796-309b-46d3-959f-597b5c2167e3.mp3,0
90d9bffa-54b8-4093-aa78-221630084067.mp3,0
5b4cc30a-c20a-4803-b581-b0f63cab17fb.mp3,0
998a7512-9ac4-4cd8-8759-24e8aab06567.mp3,1
86659b3e-745f-4c4f-b10e-dc15a62f26ea.mp3,2
2ea25548-e83a-44e4-a91c-cca988a53ce2.mp3,0
7ff5d0b9-c283-433a-a023-faef68ea07bf.mp3,1
24c8676a-9a6f-47a5-831a-13a57c37ee9f.mp3,2
cd30b282-a937-477e-b4f5-d30975cac082.mp3,1
134d2669-3c92-4a98-b925-8c6e0ab5dc0a.mp3,0
5e73bb40-23ca-41f5-b97b-5afb284b2ebf.mp3,0
9f22d2cd-fbbf-4737-9718-d41c6c0735bb.mp3,0
afa85381-7270-4d09-bf9c-2363114f5191.mp3,1
3d88ac2a-15cd-4a37-b9fb-85571bbb7825.mp3,1
5ae160e5-d9d8-4c40-9948-46d4533a1cc4.mp3,1
1334540f-4d50-4d84-9306-757169605ea4.mp3,0
6b380475-d370-4f2a-a5b7-04e48568fb84.mp3,1
cc2c461b-6c63-4908-825a-f99e60d2971d.mp3,0
49ae3cd5-c093-42b6-b95c-edaa1291b316.mp3,0
2b05a01d-2ddb-45e8-8e81-78d843350041.mp3,1
ace15cb3-de34-4665-9588-a7bdc2d24d62.mp3,0
4269be35-95fe-4cc4-80ea-1db798636f87.mp3,1
ce1a15a9-48dd-47e6-9c17-3617c135f637.mp3,1
2af94555-ae50-456e-8a36-a2c42feff83c.mp3,1
6ca84ae9-13c3-4c30-8839-bda10b12f230.mp3,0
574a4c40-2333-483a-9b1d-37cd87491f6c.mp3,1
6d8f7f45-7c5f-402f-8c63-aaa85da84245.mp3,0
d4554a9d-1aa4-426e-bb29-5d75e4d73a9d.mp3,0
ae615c2d-d252-444a-bba8-ce1062a9a710.mp3,0
c8b40943-84fa-4520-9f3c-4759534b065b.mp3,1
3aa367c7-7292-4bf0-be94-cbd0dd26c837.mp3,1
f86e1798-220b-4d4c-af2c-9553e74fd543.mp3,0
f78aa0e8-efbe-40f8-bdec-d198ca8c684a.mp3,0
86a37165-de8e-4cdb-b4c8-183d37efc31e.mp3,1
940cffcc-726c-4426-8ae7-867065ede571.mp3,0
078dae32-056e-481a-a386-5231bf66c69d.mp3,0
be1c346a-900b-41f9-9a3a-ba55111de671.mp3,0
15ed9906-c944-4141-b66b-6744b0b3570a.mp3,0
3f192960-1ca9-4cbf-a292-d00d3b50c4c6.mp3,1
7c15f064-a847-483d-b7c7-efc41c473ac0.mp3,1
7314fe76-761f-475f-9776-9ae4223192d5.mp3,0
e989cc35-98e5-42d7-9ca6-41b284eecf60.mp3,1
49077451-a79f-4ae3-9b85-fe686bfbb8fd.mp3,0
6bac24cb-9f09-4d43-8ee6-aae49ae82ba3.mp3,0
3dcecaaf-158a-4299-9d71-47c038c25c19.mp3,0
ee6b3b71-84b4-48f2-99e3-33709e4dd331.mp3,0
76410cd8-aa61-4ad5-b12f-b2b4b001e126.mp3,1
270eb556-f66c-4f7c-b0bd-5428a5d4b249.mp3,1
527a861c-bec8-4bea-8da3-1ee1f89fa26a.mp3,0
f1a3e020-a53d-4157-b978-87e091ffa53a.mp3,0
273f6bcb-1f8d-4f03-8337-866cdf921549.mp3,0
541ba5cd-f717-48a8-9b5a-13db78634f1c.mp3,1
b495d7be-a27b-43e5-968a-92cc607ca9e1.mp3,0
a7297d0b-2b65-4b05-96b7-acb42433fa30.mp3,1
f2cdfb86-db3e-4dcb-9529-6093b96988e3.mp3,0
e88d0445-3e48-4409-acb0-1be4af9ce6d0.mp3,0
6daaac4e-f5ed-4004-8c42-d24a3f029c80.mp3,1
5019ec78-15f8-461d-adad-81296c35e988.mp3,1
efc7063a-9f5b-4545-8c68-1300a1a5162e.mp3,2
53b6d972-b15b-437b-802e-f601de7b8a5a.mp3,1
aad11769-4894-469e-9ad2-f25762f4d749.mp3,1
bc0ac777-8745-4c90-9a92-c2435b9190dd.mp3,0
31a95c7a-1cb5-4483-9fb2-7a1364cf9676.mp3,1
6db6f979-33f3-450a-9d4c-e47b07583f59.mp3,0
9c56325d-4e75-43d3-9e6f-a30ce78e3f96.mp3,0
1dd0c0dd-cc65-451e-9037-acfe9251af65.mp3,1
53c542f2-7d04-4116-a3f5-5497f6e1cb37.mp3,1
e15cd32e-a261-4974-9f46-99c88c1f3323.mp3,0
a5a5dbde-6fc0-4e3e-b15f-daa10299ce17.mp3,0
bdde04a7-a5d5-4445-b30f-d7d4e38471fc.mp3,1
10a5b7f1-0294-4191-849e-082a6b423ecb.mp3,0
500ad4ed-ec7b-4e74-9588-5575f8504e59.mp3,0
d45369dd-f10d-4040-ae05-5d9f92bb2588.mp3,1
7d856750-b0a7-4907-8742-0dc6870848c4.mp3,0
e6ad40fd-fbef-4b30-9746-2cfc94267f9d.mp3,1
5888af9f-5c32-41ef-a1d2-a0ea7d102286.mp3,1
b9afb6f4-359b-416a-9e70-c4a283b4bda6.mp3,1
6c2f056e-978c-4cc5-b95b-91fcf8e153df.mp3,1
bd857bd9-7337-4b43-a44c-a817e07f1d58.mp3,1
d0d5b66a-2879-4fba-b57e-499864d0c88c.mp3,0
5cba3f2a-3c8f-4336-913c-6cd99a217bee.mp3,0
7de2c323-c271-4882-b25e-90de653a28c7.mp3,0
fb207ca7-b043-4d36-8ef0-30cc12525418.mp3,1
876f2724-d417-4dfc-af58-5c2b2a76c360.mp3,0
7d7f98e7-0644-4060-ae65-7f2638f6999f.mp3,0
fcc6b5f1-032f-4960-92d8-30a45aaf0498.mp3,0
c0bdcc87-cf76-4afb-8be8-38c12d869dd3.mp3,1
4c9bbebc-c3e5-45ed-bb2b-ae49bc70f50c.mp3,2
b9696cb8-62b6-4063-8d79-ab8a26a4e5b4.mp3,2
a9806eb5-582b-4789-9e9f-a1cd2174a740.mp3,0
dc193fd1-7317-4e66-b609-dbd3c2cb21e5.mp3,1
957eddcc-5d1c-471a-a4a3-8192bd95df5e.mp3,0
e5421959-1cbd-4809-9429-aa0fb674667b.mp3,0
30edd7df-ad87-44ce-b73a-3ffa708d8f07.mp3,0
18a59c64-3339-4119-855d-3a1ac940a711.mp3,1
3190c49e-7e81-466e-b7e0-c525ba556f96.mp3,0
1f9bf2f1-0512-470e-a1c3-5278c2763a00.mp3,1
40155241-5d2c-4628-9e82-86e5a6636ff9.mp3,1
b0408844-2707-460e-a582-8732088db87f.mp3,0
8c3ccdf8-e4c0-4c64-a277-a4314d3f5828.mp3,0
ebe5a1bc-bb36-4e39-8b1c-e044f8271d89.mp3,0
a47a40d8-b086-4720-b404-e1c60e5dca2e.mp3,0
17bbc681-f9f4-4914-b990-56391d05dece.mp3,1
8d715919-aafd-43ba-9dcd-2a88c19bfc9c.mp3,0
8f7ffba1-b5a2-4764-b918-4776fc269c8f.mp3,0
f233273f-f229-490c-a055-fe67de7cc458.mp3,0
2e7abc86-2892-435c-98d2-b4b98984c8fe.mp3,0
97a21a07-de71-4b08-a0c0-9028a16ecfc3.mp3,1
2a01614a-e416-4176-a092-ff7437420c14.mp3,0
13356e5a-a0ae-4567-a769-efd26e48a419.mp3,0
73d7abe5-0d37-4b78-b600-6a7b2685afbc.mp3,1
f1b1d144-a803-4177-a60f-e3d5c11477ec.mp3,0
3c3c8fc8-0e2a-435f-ab68-a3e617ad758a.mp3,0
d14d364c-70aa-48cf-be7c-afad483efe2f.mp3,0
48d00beb-6cb7-46ff-b91c-be66f3aca1f2.mp3,1
9281996a-f80d-4b5b-b452-c6d6b2f13766.mp3,0
ed462f22-e7b9-4d3d-b535-62ca328a74f1.mp3,0
8ac0b68f-a002-47fa-b40f-49b6ef797ba2.mp3,1
1fa56b15-b019-4c7b-a0c0-1925662caec8.mp3,0
55ab9ae3-d490-4529-baa8-70183f54fd57.mp3,0
f1aa60f9-305d-4efe-b1aa-23a733a43dba.mp3,0
ecd062ee-480b-4cab-b76b-27075edcc57c.mp3,0
32192fba-e777-4047-a6d7-a0f2abe4e87a.mp3,1
ff6b92ad-59ae-4894-8023-4b5ee8f7ef81.mp3,1
9850dfdb-8179-44d2-8add-a0aed8f3de83.mp3,0
25901f22-cde2-404e-b49b-985f140e7841.mp3,0
0d89ca57-5f0b-447c-9dbc-629a43396511.mp3,0
ab4f1aec-21c4-44bd-8906-b2cf7dd65448.mp3,0
bc4f5660-bf3c-430f-b2b5-749f817877fd.mp3,0
fd23c43a-b96e-44af-83e3-44765f87a966.mp3,1
c49a91e0-12f5-4c9a-bc00-83feefc8e580.mp3,1
7187c15a-d8b1-44c2-99d4-b564750602de.mp3,1
44d4deb4-795b-49db-acd7-51bb476bf5d6.mp3,0
45bc85b7-ca9c-4171-ada0-3b2233a57216.mp3,0
47f777f2-af0f-4334-90d7-79fdb5466796.mp3,1
8c464d4c-645a-441a-a1dc-c79452a62061.mp3,0
a1d83d6f-bfe5-49d5-924c-e0b2dc7d0f68.mp3,0
8688bdbb-7d63-410e-8aca-e78de75cee47.mp3,0
574281c8-5bc4-42b9-9887-cd5e9bc2e0ff.mp3,1
e3fdcbde-7afa-4bab-9e6f-928626aa85f3.mp3,1
6ea2a926-8592-4c1e-8309-f00f820fdccd.mp3,0
aee81e7d-8cc6-4832-898c-72786bfac2e4.mp3,1
f43ea6f5-56cc-43be-8626-20573197ec7e.mp3,1
2e2d76cb-e44c-4dd3-90a0-2ab6caba7ecc.mp3,0
04db527e-5cfc-4f03-99c5-7584d20736d4.mp3,0
3b8eac71-caf3-4d56-93a4-8db76a9ae009.mp3,0
2da1984b-7a9d-4064-b4a1-ebdf863fe9ec.mp3,1
5791492f-dc3b-45bf-83ea-8b9c075bfe3e.mp3,0
0fa80d61-fc93-4711-be26-fd34dba96e2b.mp3,0
0eccf0fe-8431-4a02-823b-65a7d4af801e.mp3,0
5ad7d203-0e81-4caa-bb52-4cf6e7689bf1.mp3,1
5ec72f61-5b3b-463a-95fe-3e62b072087c.mp3,0
28b5f86b-9a7c-448b-a13c-e6a177a9ea96.mp3,1
2054aa7f-497b-4cdf-8224-7c6a716887df.mp3,1
5ab38fe1-ab24-478b-870b-56a8c519a60b.mp3,1
89d6c3e6-a463-4a10-8d19-53ecdb32a6a5.mp3,0
829d3b4c-041f-4fe2-abd0-66117784d2fb.mp3,1
6cdf09d7-bc4f-41c4-b1fe-e7302e2f0861.mp3,0
538a2622-3888-4590-9a2a-c966e1fc186b.mp3,1
8dea6b0a-57b2-4d7e-844e-86c59f9ccca5.mp3,2
4ae11731-295a-4695-804e-67605e27253f.mp3,1
953f947c-9fde-4458-b2ce-555fb5f70a35.mp3,0
6067960f-add1-4053-92f5-d4f6e7e272c3.mp3,0
7dc19f68-af0f-4387-be83-dbfd8b2f687e.mp3,1
3867181e-1b2e-4997-83d5-cc7cfb4cbdb5.mp3,1
bdf92d82-9443-49c4-8d12-a350c04a73c5.mp3,0
a6d1e788-2509-4589-a4cf-489a5a482449.mp3,0
43abb5ba-c0ad-4022-84bf-19f44b175d3a.mp3,1
88ad965d-630f-4ccf-8ece-f956f1cbcb16.mp3,1
98cfacef-a2b9-4834-8887-465976bb1a0a.mp3,1
d140d5d4-0a25-4756-b352-3c61139231a4.mp3,1
3efc3d89-7228-47a9-bdfc-a8328cafdedd.mp3,0
8c6eed9f-3eb9-4780-89b7-40c2ebb9dc7a.mp3,1
4eeed13d-ba34-42d9-b488-d2d98045dfcd.mp3,1
f292e1bd-2547-4466-b1b5-73e85b173269.mp3,0
bd10d3ca-b5ac-4dd4-bc80-6fc690d60803.mp3,0
c025b2e5-27ad-42fe-8bcf-ec8986f436fe.mp3,0
56b9d31f-f6c8-4599-b92b-4cc2495e8c23.mp3,1
ee8378e2-8102-466a-a8f9-48fb60605dfe.mp3,1
04509284-e5eb-4252-9b88-5035916417c3.mp3,0
14456f7a-efe8-45f7-898b-322db780aeea.mp3,0
cb301fb0-b3f3-4e0d-a3fd-81583a660c7c.mp3,0
2f1559de-bfb0-4737-a17f-2ef7e12fa83d.mp3,0
83c73943-48b9-40b5-a5a5-f304d99278c1.mp3,1
10048453-1fe9-4618-8039-2f5273898023.mp3,0
6751eef6-2a04-4ec8-81d6-45d9dd50bc3e.mp3,1
e7abd485-775c-4edf-b426-2d3cacee9693.mp3,0
ec72eac1-4720-413e-9a8b-30ab456a7f49.mp3,0
2492b9ca-c1c5-4a94-9637-bdb234969f3a.mp3,0
535f4f30-f6d9-49dd-b055-37aa35a95667.mp3,1
16260b54-00ec-4564-a03e-8269ed5ecb0a.mp3,0
f459cef2-8ff7-452f-93f0-8ec7b0dffcb5.mp3,1
08bbec65-049b-44f9-a982-721730e22a0a.mp3,1
f6632b02-1cf2-4230-90ce-12e3bef8bbf7.mp3,0
d571ab3c-fcfa-4be7-9c43-6b8b2e857934.mp3,0
d8e29c67-46f9-45ec-978f-0c135513794e.mp3,0
839f0f81-e9ce-4f39-9dc6-7fc53b542b44.mp3,0
9bc5cf5e-f176-46ba-bbf6-7e88e2652c80.mp3,1
4e5af121-5b63-423a-b704-42be46eb13ff.mp3,1
3b68ee41-ee27-4217-8b78-39decfe655ec.mp3,1
75be78b4-483b-4bfe-8731-04122f21c97b.mp3,0
92147ce1-4325-4112-8e4b-901ddd05e61c.mp3,0
f357d9c4-a136-4246-a8c7-60e42da17a02.mp3,0
6695209e-aa53-4a54-b0ce-d50b20545653.mp3,0
7c76688b-97c0-4794-bb2f-e60bb91fa907.mp3,0
b82bb6ea-ae34-4467-913b-97d8eb90eb47.mp3,0
08708177-5d7d-4b6d-bcb0-7723b6ba6826.mp3,0
84e58e3f-f06a-4535-87f1-095701cbdb3e.mp3,1
bb70a14e-0118-4684-8db9-69e5ccc06454.mp3,0
826fc528-e15a-4b08-8769-be666e5adace.mp3,1
80d950c8-b910-437a-b5fd-1d6acc421a62.mp3,0
ab8e1560-d4bb-4e4e-84e7-b9f0abaeebfa.mp3,1
0e722ef7-5659-46a5-b60a-2d7ceb458045.mp3,0
b7c986f6-de73-4b3f-abb6-d57ab8257fec.mp3,1
948bbf7d-23e9-40cf-a26d-fe7d85b7c37d.mp3,0
5a9ec433-e1d8-4456-96e8-919ae7b324bd.mp3,1
46cdcf38-0e4e-46a3-a41c-2ad0e8ccbf83.mp3,0
2693c13f-3261-413f-b5a9-700682a1b70b.mp3,1
6d135eb1-48dd-4b8d-a5fb-ae055e42393c.mp3,0
38416b0f-3bff-441a-8f7c-f441c3c612bc.mp3,1
774c1c8b-6db1-4da3-b46e-b9ccbd99f646.mp3,1
1218a407-db20-47ea-9ffe-9c7f344dd37f.mp3,2
a15248d8-a15a-4fc0-a33f-0a09aaca9c17.mp3,0
2261c75b-ed83-4e2a-a172-b4bae29149bc.mp3,1
3dafe983-5efc-4e3e-a5cb-6eacb490d461.mp3,1
e9239037-0269-45ca-b534-24260ca783f2.mp3,0
cfc781d0-49da-4d2b-9272-50794f107f1a.mp3,0
a0447524-bdab-4575-ba57-70f8ddc2b3f7.mp3,1
6657076b-e7c8-45c5-aedb-28995a3126f0.mp3,1
287f2313-4656-4f40-b1dc-c2d258a1448e.mp3,0
65d238e7-ec61-40ba-9c34-5cec0c9a1e46.mp3,0
03b287b2-be4d-4306-9c1d-4af209529af8.mp3,0
32cd75e8-71fe-4aaf-a743-c41937a9954c.mp3,0
6af459a8-31bf-422b-8ced-029f3b38b102.mp3,0
109cd7e3-cbdb-48d2-9470-e0a22ba94c41.mp3,0
6b56862e-039a-4e0f-bc0f-e5e396f1a504.mp3,0
8ecc3de0-ace9-4974-bf65-82e2c55ecbb7.mp3,0
041fee27-3f1a-4346-a1c1-32cf26e0df90.mp3,1
82752b2b-849d-42e3-90c7-69a88d7497d3.mp3,1
6abb8c14-a3a8-49bc-83ec-1a916306b3c0.mp3,1
fbe3f964-ba95-4824-bf28-597b670740c8.mp3,0
73bc536d-55d5-46d8-b0fc-c399c32536e4.mp3,1
2e97cbbe-eedd-42f4-ad96-d6033efa004e.mp3,1
e2ed505f-a4f1-4732-9f4a-1dc948a89105.mp3,0
cb0b9c8c-4c06-437e-a189-8388981944b1.mp3,0
31b541fe-1b58-474b-9eb1-74f1fbb05d2d.mp3,0
18910184-fca7-47be-9e32-1ad37505887b.mp3,1
c1bb9734-cdc5-4921-88d0-367b8f1ee8a1.mp3,0
ab152505-c473-42dc-b34c-2a82aac31364.mp3,2
7feb4f9d-7cc5-43ca-86f5-ef211a0d5bff.mp3,2
bbd98302-8010-46e1-958f-90be7c2175a6.mp3,0
9bd94f70-dda4-44ec-bc72-590572991f02.mp3,1
783ebb0d-b3c3-4190-9499-922c25c1ab15.mp3,0
4b4e30c5-2b69-4fe9-ad39-5a1cc60823b2.mp3,2
847d886d-8aab-49da-9863-26d0905f30f1.mp3,1
a3b0223e-1a08-4c31-9e4e-f3b6a6474f44.mp3,0
7a9531ed-e0fe-4f40-a86e-7cec3233a56f.mp3,0
e6c4a3ee-7c90-43c7-9782-49f27dd53066.mp3,0
d1a57ad6-8186-4261-a636-abcf2eb4ce75.mp3,0
015cba24-d4b7-4b6e-be99-87ebfc3d9296.mp3,0
f92fa02a-c7f2-4b3c-b725-62625b3e7678.mp3,1
433eaed5-0521-40d8-be00-bc5719952c1b.mp3,0
ef7d3b3b-8fde-44fe-94a7-004eb0e54e8d.mp3,0
2829f7e2-53e7-41b8-bb71-a612f690bad0.mp3,1
1125454b-de08-4027-b498-a1a52c6fec47.mp3,1
048bc5d1-a255-48f9-a84d-d72587a35cb6.mp3,0
73b6d7ab-56d2-461d-a5e0-d414e5c67444.mp3,0
1837a4ce-184c-4153-8ecb-9b2efdc3fbac.mp3,0
7ab5743a-614b-4903-90ff-1bac2246f372.mp3,1
8071b41f-0812-4802-b312-684132c0049e.mp3,1
47218cee-308d-4f9d-866c-b68b3187351b.mp3,1
ad577b50-0807-4b01-974c-4f80555fbbdc.mp3,1
33f0d823-ec7b-4cf1-a422-939f24c0607d.mp3,1
2f0e7987-3386-4b5f-b9d9-2de90149d6ec.mp3,1
5a37c328-58fd-40f1-a6ec-7b409855e19e.mp3,1
d4652ca4-7949-45c2-9ac4-6ea1b9f7b11f.mp3,0
965d1c80-47d3-4732-b105-3fddf3ba50ab.mp3,0
d4e6c937-3eeb-40d1-91aa-4242309e9a03.mp3,1
44ab811a-5317-4f7d-9a72-0cbad718f2f8.mp3,0
edfc79df-f787-4cf9-b0c3-53f9c6fe9fad.mp3,1
53737c89-56a2-4662-a6bc-4ef02b76f767.mp3,0
6ee8f15b-5952-49f4-91ad-cea90a0bc0cb.mp3,0
fb5458da-8f76-4adb-b76d-f8c870d1f527.mp3,1
2dc56a10-5956-4387-87a8-4f93d842ad8b.mp3,0
8b889340-287c-4168-bb09-15e48ee6d991.mp3,1
9835d435-1339-47cf-bb66-6b84f9c3d7b6.mp3,0
d7e458e7-62c9-4262-b464-15441fbf9802.mp3,1
92c29d06-261a-41b4-8528-f7f3a1240fe2.mp3,1
a73e53f0-38b6-413f-88bf-286e2c0d320e.mp3,1
f876248a-bacd-4475-bde7-117392e17efd.mp3,0
2976e48c-fc22-4cd6-8f44-5837376beacf.mp3,1
46f54aaa-a0fc-4035-a36e-9826d67f621f.mp3,1
5f2f3752-9371-4860-afd9-01f07ca33514.mp3,0
b3261ac3-6599-4907-ad28-448fc82efa06.mp3,0
a742d341-d23a-4cbe-a98f-f9366c3a42f6.mp3,2
adf2c8a9-cc44-49c2-9eb5-a01f6c31decd.mp3,0
21e58679-d4c8-45ba-9fff-49776328aa73.mp3,1
198108ae-b6a7-433d-adc4-63e1aeb1adad.mp3,1
3bd8e0de-a698-427d-a7ad-da78863e17da.mp3,0
82c31068-3dda-4470-a547-ca9ac955f869.mp3,0
c472c423-6f67-416b-b481-b24080cae5b0.mp3,0
fa703f6f-19e7-471e-b0f7-c6c3f1ddfcc4.mp3,0
c12db669-35a6-425f-b7ad-dacb0392a1e9.mp3,1
f485d248-58e8-490a-9a4d-cec94b404bf9.mp3,0
305fceac-0c6e-4b0e-8560-2a84c24a81ca.mp3,1
ff1bb159-d6b4-44e1-b1ec-f9592fbefb0a.mp3,0
4c3120b8-4b69-4080-9ae1-9697ad480967.mp3,2
00c90e12-8c99-4619-9a95-c742c49ecd33.mp3,2
762eb342-89a7-4ba7-bb11-2aafab418fef.mp3,0
7f9dad4a-032d-4cd4-8a8f-a46117c05d01.mp3,0
d25dcb2f-6f6f-4e3a-b45a-e8c8f3678e6c.mp3,1
04b880db-4218-4f4c-8e8a-09a6cfafe2d9.mp3,0
441f2dcb-833c-4e0e-860c-a17f9f7627c0.mp3,1
fc43fa0d-580f-447e-8756-8745d0d98f8b.mp3,1
e844bd5e-34b1-4b41-a9b3-4dcff2dd43c3.mp3,0
e95c78ee-1692-4e8b-ba04-b8282531ffab.mp3,0
942c0f6e-8abd-4784-b0d7-b4763b2d66b4.mp3,0
58fee077-1908-409b-b23a-b80495ab24fa.mp3,1
44db4822-e2af-444e-8261-30f05aff923b.mp3,1
28b2c17c-f942-4e75-a881-6eaadcf1e882.mp3,1
cec541d8-1db3-4f2f-8380-4da736eef1fe.mp3,0
2d54f656-d518-4093-b769-6ebfd73b4145.mp3,0
121216a4-8e10-40bb-91a0-dbbb83f3f456.mp3,2
a1741d45-0378-46f3-a1c1-2965d3a8a532.mp3,0
662f7415-f3f8-4591-a4d4-dd2987a74434.mp3,0
1255d43c-e863-4cae-a18e-aedf5cc8735a.mp3,0
694df2b2-ff08-4816-a007-2df750e65fbe.mp3,1
dcb98a76-68dc-40a3-8ca3-d67525bc18c5.mp3,1
a6bb379c-11d3-4d5a-9df5-23c4ca15a0c4.mp3,0
b3994ed0-2a64-4f39-af28-9d13e0a27fe4.mp3,1
e15e541c-86c0-49d5-9f5b-5916c781a575.mp3,0
d4bc857b-23db-4fc4-8127-fd3dd5cd4959.mp3,0
9c5470fa-0f9f-4e34-a81c-b4d0cf3a35d7.mp3,1
5f77c626-9e99-453f-8fdf-a8024fcd19c1.mp3,0
2536d394-e7bc-4ba6-bf9a-ad644fc01f57.mp3,1
572d7b43-5a44-4212-a524-4720d007c1ef.mp3,0
1ba8d43f-693b-4f8f-b214-50aa24c461f5.mp3,1
c772b70d-9090-4405-8614-d3b50f6a94e9.mp3,0
249115bb-5b74-4128-8cb5-01cf0099963f.mp3,0
170b5bac-b536-4177-b802-50f857791bb5.mp3,1
313eb101-f308-42a6-b2a3-f22cedd3bd90.mp3,1
a2d7d553-aa68-453a-8488-bce7a0b7e5bb.mp3,0
313b0317-afe9-4e98-93de-3ae0be5de965.mp3,0
e5ec235d-064c-485a-8183-fdef0e7945d1.mp3,0
c4b8bf5c-13b5-44c8-a76a-b1045b98e301.mp3,2
821d07f1-8797-4dd3-91b6-218878686520.mp3,0
7e83d169-92b2-4d4e-a758-9f1624f04738.mp3,0
340854f3-19a7-4169-b435-38bd0c0b9d9a.mp3,0
cba24905-e5bc-4e00-a415-d640dedab401.mp3,1
5ab5d6bd-bda4-4e3d-a881-8a976f5e0fa2.mp3,0
58a3a45c-e7ae-468c-be71-ccb1e7999690.mp3,0
4d2a5260-5f3e-498f-bce1-dc7d2a427dca.mp3,0
cba2b1c3-34d9-4f9a-8000-19bae0968d4e.mp3,0
0975045c-370a-473e-bdc9-393aa1896f27.mp3,0
e217a584-399b-4085-a126-194cce10e8ed.mp3,0
bed94a3b-6b5d-41d6-88e3-6bab2d0bff1b.mp3,0
fa9d7005-d213-4242-9fbb-e606d28d3373.mp3,0
95278f1c-2ab6-4525-8085-e21c79a6cc14.mp3,0
2dfdeee9-a96a-4094-90dc-544a3a024b4b.mp3,0
f75972d6-1240-4ceb-ae4a-85fee1746d83.mp3,0
98136a31-c54e-4da7-a96c-869ddd386222.mp3,0
d4ea1e7a-6504-4938-8889-642b6e8930ad.mp3,0
cbe90c67-16f3-46ae-b65c-2e288b1d2f04.mp3,0
79a78556-6cfe-4184-9c60-5e7f5ff9e93e.mp3,0
e97f56c8-4c1d-4fe7-9acf-c4064f3f9c6a.mp3,0
1eca9f2c-4cd7-4413-9ac1-4db25fca4a42.mp3,0
1499e56e-8e0c-47c1-9649-c4c1e3f379e0.mp3,1
0f057865-da3b-4f86-a6db-f0e60582f658.mp3,0
66008b47-cac3-4fc1-a4cb-94cd6ee1a9d5.mp3,1
5469d7af-85a5-4355-a13f-aa437a195a00.mp3,1
1e902e7f-a75b-4692-905b-0d7f2096f699.mp3,0
6780bfa8-016e-47d7-bec4-6c04cb43edf0.mp3,0
b58075ad-5431-4543-989d-646072ce479c.mp3,0
ab737dc0-1a17-4841-892f-0211b6163ff1.mp3,0
3545a1c7-b66d-42e3-954d-03cf7d5dbfb5.mp3,0
089d8f91-963b-4390-a6ba-592640311aa7.mp3,1
6d3063a5-a296-4d7b-b694-4410b8b16364.mp3,0
4c9809f3-6247-46d2-b950-c1cfcc06b627.mp3,0
4f528ed2-7958-487f-8f30-e870b5212fa9.mp3,1
052f0281-d59b-4ecf-b104-16baaa774b81.mp3,1
755961c8-3626-4acd-b3c3-6ceb73df6b38.mp3,1
437ced56-d909-41a2-8fc1-c66b2761dc18.mp3,0
e3ca0300-0aaf-4ca7-8623-5d3f00fbebc5.mp3,1
ed925481-2436-48fe-9a32-cf7f963419be.mp3,0
e726f74b-c2bf-4bc3-88c5-edff875af93b.mp3,0
afe1d319-5350-443f-9263-801924a43013.mp3,0
b04d3e66-28b1-425a-9ae6-6b825279f9c4.mp3,0
4c0d1497-3db7-4f98-9c4d-f3b1508b281e.mp3,0
74d40d45-d46e-46d2-b4c1-1aab0e1ce3a5.mp3,1
72fc10f3-177d-4d5e-895e-a9bb9dd3da4d.mp3,1
4502699f-9da9-49bf-a469-f698b90865a5.mp3,1
7f3f89a9-1be7-4fd6-91bb-b1dd83c527ef.mp3,1
9d04f9ed-92dc-4780-b6ec-a622546c944e.mp3,2
36e2d7f8-311a-45f5-8f09-37039ee265e9.mp3,2
4fd590eb-3814-4c36-989f-739d0a3baff5.mp3,0
f45e6d65-385e-4189-a5a7-923314d373bc.mp3,0
460a0bb1-d9c8-4ec8-bd80-ae05cf09e2ba.mp3,0
4bdd8293-83a2-4241-b804-c0de47a75f7b.mp3,0
53f90fec-a4c2-4475-9824-5ae70b1d8883.mp3,0
ed376e41-0532-4464-b4d3-765a8647c9d2.mp3,0
d49aaf92-60f9-407e-8f6a-faa185f7e6ed.mp3,0
c388151c-b624-4aaa-a4a0-15ed2f1874d7.mp3,0
7db18b11-32e6-47da-bc25-ab36881f09cb.mp3,0
e3b6d5a0-cad0-4496-af84-8eb13943fe1f.mp3,0
c33e1929-5186-4334-9452-b5f60709f91c.mp3,1
2f0bb985-a838-4a0d-87ca-b2c92ee54a20.mp3,1
e2aeefd5-e023-4670-a816-4542e4ac1961.mp3,0
8e771fab-23b2-409c-b066-9fd382c8af24.mp3,1
928176e6-805d-4703-a5c3-b6129b08a610.mp3,1
2f6da957-d6c2-4adf-8251-b54e31d61e9b.mp3,0
2cd32ac2-6253-4a61-b4d0-3be9184fee02.mp3,0
0af156d0-6989-4443-827f-bc8df765497e.mp3,0
5d3b7490-7d6f-4441-bba2-b103adf91b23.mp3,0
2521da52-a01f-4c45-84cd-6d04113f851d.mp3,1
1122736a-6620-4cf7-bdc7-b764ce6d3929.mp3,0
12f270fe-3291-413c-b95c-91fc38e63615.mp3,0
fd06f811-7f19-4035-a4a3-a3b29263e100.mp3,1
3053cf79-7052-4585-9a32-de894fa3059c.mp3,1
600ad7c6-525c-4d71-9907-f3ef92a81f06.mp3,1
ff4cc183-02e2-4f0a-ac2f-8ff3c7238f4a.mp3,0
835520de-1ed2-4017-9ce1-462ac93a18fc.mp3,1
dc49d0a4-409e-4fea-958c-cba0a1cebc8e.mp3,0
050eb860-5915-4ed9-ab30-37b5f04e0dbc.mp3,1
3768bfbd-92e7-47db-9258-c7ab124a6b55.mp3,0
f6f7ea6a-9b10-443e-a970-fc6dd152a8c0.mp3,0
302399cc-0336-4931-93e5-fe3691a47fc5.mp3,0
4d0040e4-91c7-4fa3-afa3-eb4a2eb61783.mp3,1
7ced47ac-6a92-4981-9dfa-dae410043c11.mp3,0
6f1b2148-6d2f-446a-92e7-e3269ac8239d.mp3,0
020027a6-07ef-4cf7-946b-0923280b62f2.mp3,1
49db1a72-f8ac-4d7e-ab2d-49028e881bef.mp3,1
d0ccde67-1a94-4818-bcb3-9d36486d3107.mp3,0
c6e5bffb-6866-4370-a25a-dd8976050daa.mp3,2
6e3d13da-b936-468e-8dc6-be39ee9d3478.mp3,0
18ded0aa-3229-4eba-80ee-8449b8d81d76.mp3,0
09dbcf67-ba4d-462c-83d1-cdb9b7c0bf26.mp3,0
fcef8d45-4f44-4096-a60f-c23d63f0b37e.mp3,2
ea564779-911c-4fdc-95bf-9b91f1607fef.mp3,0
d6e821e2-c0a2-4026-9dc6-289c21eccf33.mp3,0
ac819a09-9271-4571-863a-c0e23afaeb72.mp3,0
9c98b816-5097-4a94-8c99-16557f802245.mp3,2
18ed94c3-f19d-45bc-be35-afc66e1d4321.mp3,1
bc527918-3959-4ae5-86c8-25e05eb856e3.mp3,1
6410287a-8a68-4b9e-aac3-3c15b72324bc.mp3,1
1604f4ec-6c99-449c-ba82-f377036cbff6.mp3,0
e73e9ccc-2f8b-4b3d-a4d2-ef648666db99.mp3,0
ef3dbe50-2d0b-4614-955d-5fedee3b3b5b.mp3,0
d068b3ab-7d30-41a3-866c-8da65adb0fd9.mp3,0
f213e32e-1e2b-43f6-a659-78c2e82dc6ab.mp3,1
e2578622-393b-4226-8d44-b3e4e3defab5.mp3,0
21ff23fa-ffa2-474e-b0e6-10706170f3b6.mp3,0
715bc634-86a0-4535-9c2c-83ade8aa87e0.mp3,1
60c8d495-4b70-4a20-8c5c-9edcf98f5905.mp3,0
31d1af91-8bea-49ca-b23e-1b349c73caf0.mp3,1
fb373540-3fdd-4e12-b794-0cc9a8c6a705.mp3,0
617f02b7-1603-4b11-acf7-50d8e9c456cf.mp3,2
3947a244-4da9-4402-a850-1f3f0f922bce.mp3,0
99b81120-d70d-47c3-9174-e6fa41eea90b.mp3,0
349b3190-6b24-4397-b3d7-236ea2915a1e.mp3,1
323cdb76-0df0-44c1-89ef-75115e637f06.mp3,0
c0520f5b-60b7-411c-ba7f-aeef08f8e42c.mp3,1
3f1fe964-7d7a-4767-9f3c-1b83aecb2f97.mp3,0
0c6ce07b-3189-47c2-970e-02fd9b9a5273.mp3,0
067eb56a-eb3c-4bb9-947e-771f05e0646d.mp3,0
57fb2ad1-48f5-41e5-a73f-e91f608be127.mp3,0
8b253ba6-73e3-41b0-b065-3d3d6dea9224.mp3,1
1c240d28-1186-4448-be21-50c44833db7e.mp3,0
0f8375e1-33cb-4d8e-ba23-425b6abb869f.mp3,1
0cf5d816-589b-444f-abc9-1deebee35b12.mp3,0
f6e507f1-38cd-453d-95c2-fcbc60feb5a9.mp3,0
6a58ef37-179c-4f77-8a5f-0b8c6410652d.mp3,0
9d52bf8c-a614-42d8-890c-793d4a2fe6fc.mp3,0
49067575-31e9-456e-b1f9-2b031a3c6e5b.mp3,0
ab910de4-5ba1-4d4d-b933-20a0e310e728.mp3,2
8868bd19-90a6-4093-be25-d49d36e74372.mp3,1
e323d9da-f7d6-4cc3-ba24-6a9dbfb72d5e.mp3,1
f011c27a-6be0-48ca-b153-b239da219e3c.mp3,2
2b07caaa-38c6-4f27-aef1-d4024ffde461.mp3,0
70fe5112-1412-4ff2-9aa3-a61c371f002e.mp3,0
b5c5d6e4-affc-49ce-8b93-acf61ac3fe81.mp3,0
afdd6394-c77c-408f-82f6-b5ecaf241264.mp3,0
13a27f77-371a-4ee9-a0cc-0f4ac7e43606.mp3,0
a083455f-e9df-4c55-9beb-2816208ae1d7.mp3,0
bd1164c7-586c-469a-8679-39d625b79935.mp3,1
1f2825bd-a24f-4ebe-8cff-3f7a8fe9f8ac.mp3,0
ae830779-c455-4a5d-84ee-b790b57aaa17.mp3,0
c8854496-cf81-49cf-aa11-67430645c6fa.mp3,2
79914c9e-098d-41bd-bb82-031bcfac6f36.mp3,1
2e2adafd-5ca1-4781-8ada-cbd057a221dc.mp3,0
a756afe9-91c8-45cd-aa5e-b7349880da01.mp3,0
311427d5-7500-44bd-9147-3eab0f2b4278.mp3,1
33fc1c7e-8a54-4881-9fc4-26f8db30af9f.mp3,0
8e04db8e-2ec7-4ee3-b0c0-cde09e0bb0e7.mp3,1
7702a3dd-1286-4c24-ad9f-95d5461be507.mp3,1
1bd38283-d85c-44c0-973f-dec0d268ec39.mp3,1
ad2d5539-c4db-4f18-a62f-558e626d3f51.mp3,0
325d33ac-118f-4658-8e78-21e39a9ac65c.mp3,1
252cc04d-6733-46c6-931c-f4135494fc82.mp3,1
5f8b46c5-7d36-4095-b4a1-a44eebb20416.mp3,0
f1b3f438-c4dc-4690-9c07-7437eca48bb8.mp3,0
aa063fab-0697-4033-888f-6e946a1c37d4.mp3,0
6abd7d3b-e9d6-470a-b5c1-068186f22fd0.mp3,2
3c38d719-787b-4043-9573-a5dd3f031a66.mp3,0
0710e6a5-1c8f-4a62-8bd2-6d91825ff1ca.mp3,1
281dc138-dda5-495a-9cdb-ede306b5e02c.mp3,0
65de31fe-82ee-42d8-b2b3-adcaab8b9df2.mp3,1
f96b6f03-6c2c-4f38-a83b-d1f6dfa07de4.mp3,0
f1d2f334-0c24-4149-b2b7-5ef866fd2a32.mp3,0
d261595a-319e-4a53-b714-6cf124208990.mp3,1
8143380b-0ea6-4847-81ac-bc99cde0ce4a.mp3,0
26003677-cb62-4953-b3af-1a2c3237f4d4.mp3,1
db2b36c0-f206-4774-b926-acae786d9789.mp3,0
34674727-50c0-42ae-aedd-cc71425a27be.mp3,2
8f87273e-b6ad-41f6-8959-6da300d3774a.mp3,1
f11e9c2b-1e12-40bc-a6e9-bb10d73a22c0.mp3,0
abad94a9-4a7d-406b-b11e-ec5702cd035b.mp3,0
38cb0983-726e-4394-b19f-852f4db55a09.mp3,0
380d4568-f46d-4cf0-8926-58ddb594a66b.mp3,1
40f21965-527b-4f43-b21e-20115283662c.mp3,0
94604c61-030a-4bb2-ae54-d75fbba7621d.mp3,0
44ef0fa2-6f33-48f0-809d-9819c054dff9.mp3,0
0d0f983d-dc1d-413b-bf6b-237e777addf0.mp3,0
cab9d03e-d63b-42bf-8c44-5123fe80376d.mp3,0
2fce4b4f-619a-41f2-86c7-e7c82db03bbb.mp3,1
02b2f2f5-8eaa-4be5-a238-ae75051c39d4.mp3,0
0c1badc0-4077-4e47-b66a-88fec437cdae.mp3,1
ed754f8a-6a67-4f8c-a314-335b76e63880.mp3,0
47ecaaa3-7ba4-4baa-8b95-b32bfa8ba4d0.mp3,0
fa1406dc-d027-4e4b-8c93-ac836cbeeb9f.mp3,0
600fb81b-e626-4122-908c-483803d1ba30.mp3,0
d56329d9-e626-4291-a76c-fc2c546a3998.mp3,0
cc2943a8-cdd4-490f-8bfb-4560983aa348.mp3,0
94d79ac2-fdcc-44a8-ba4e-c637958a5ee5.mp3,0
06ed934f-6888-4416-924d-e035a4b97c14.mp3,0
4c16bd70-1c26-4193-9620-795b44e731ef.mp3,0
1b194dc6-d635-4520-b199-c27a70864dc5.mp3,0
282b6119-e42d-4609-9090-1b476738ce37.mp3,0
6688da69-c441-4e47-8041-b5951c89d4af.mp3,1
e06c065c-a94b-4328-8335-23a5852a7036.mp3,2
57077c96-70b4-4e44-b5a3-fc4a4fa54880.mp3,0
e6c267cc-15cc-47ee-8410-090b8016552d.mp3,0
94954288-092b-4b8c-876f-cc67f564bb40.mp3,1
be30b7f7-c3d9-4d63-9751-0762ab9cc22a.mp3,0
9b609e55-e2bc-46fe-9e2a-83abdcc0f1c5.mp3,1
8653fc6d-45ee-425c-9163-fc110ef90c60.mp3,0
ca3544db-7e62-4b6d-9a39-ff8d524c99c8.mp3,0
124b1cdc-41d9-4508-8baf-e993d06e84fb.mp3,0
403bb679-0f7b-474b-9fe0-173d0bb5635b.mp3,0
72d5899f-fa24-4030-9cab-777788b2f5c9.mp3,0
280007a6-3962-407c-8581-03ec46acfb7a.mp3,0
7bfa6c5c-9ef4-4bb3-aeae-0d012aa31f91.mp3,0
ebc9269f-5116-4596-89df-cae3c0eb930c.mp3,0
2fed4b67-d89f-47ee-81e6-d2b52a803d61.mp3,0
8150a622-c58b-41d1-b3aa-2653d11efa50.mp3,1
4d49d12a-d261-40a9-9651-cc7d70e67abf.mp3,0
3e2a8bc8-ebd1-4c40-b262-2748d4675b32.mp3,0
656af004-6b62-48f9-a3b4-e3cd92ba1514.mp3,1
a786b515-3a9d-4c47-988c-e497dcb9999f.mp3,2
1fc8ec06-6163-4068-bd20-f7362dcfd611.mp3,0
76e0357b-0093-48ba-94cd-1709a3962112.mp3,1
f6f7f6bc-57dc-476b-973e-2c4b4e2a3252.mp3,1
ce1815ed-2ea0-48bd-8b8c-59615a9dfc80.mp3,1
8cae2515-982c-46e4-b790-02f67c709f10.mp3,0
07458f56-ec45-4cab-ba95-f3750614b86e.mp3,0
07b8d3b9-c305-4edc-8973-66e3207af432.mp3,1
861a746e-6501-40d1-9661-8020354c9224.mp3,0
2cfd72b3-d400-4171-b1dc-1375735abc90.mp3,0
db47f391-926a-4fe2-aa6a-4bba6bff5dac.mp3,1
acfa7dc2-e7fe-4f6a-8a1a-5ed46057fd03.mp3,0
612f0141-5da8-4b15-98af-57020f44c70a.mp3,0
30d2e094-a83b-4e81-932f-d1329a5b9dfa.mp3,0
5b4a1a6c-2817-4383-8b60-55bc547375af.mp3,1
c125bfd1-771b-4e24-9939-089829e01d00.mp3,0
371f71d3-ec50-48f4-8de3-8ee4dfe6f51e.mp3,1
9f4caada-0c1a-4097-a97b-f3ab1cc1f702.mp3,1
dd28eaf5-115a-434c-a8ef-7adb459e8803.mp3,1
c3b8ad8e-eb58-40e8-8bd4-7cb6a130b9c5.mp3,1
e5581806-b183-4072-a2d4-3536d9b9f83b.mp3,0
c0b5bd95-fa9e-4322-b712-84279c9561f1.mp3,2
410fed83-d0e9-40ee-93a1-8fc4cd03c8bb.mp3,1
306affb1-50e6-451c-b02f-f67ee356ef4b.mp3,0
951cc8ad-141f-4654-b6c3-9f34530160ff.mp3,1
2d2b4080-ce52-4f0a-9309-ca03e672f1ac.mp3,0
fae0687e-3e94-46d4-bc88-7123b23e5749.mp3,0
85b1f542-2b0d-4b4a-8700-77c9cbf5adc2.mp3,0
ffecc8bb-5402-48a8-9b7b-7b423985d3a2.mp3,0
4e003102-b512-4679-a884-dea96c176b38.mp3,0
abdce18d-904b-48d1-809f-c248f2a46a70.mp3,0
6cc9d84f-3905-4783-9d49-80eda7053879.mp3,0
798ac24e-4301-4565-8fc9-892d1888799f.mp3,0
cd711825-659d-410a-8b4b-375615202a08.mp3,1
9c6c67a3-c099-482b-8cab-72aa51655e35.mp3,1
8fe9707f-e407-4bf7-ab03-ed6637cf1a8d.mp3,0
2ae5bfcd-9799-4f89-999c-75325863f05e.mp3,0
38b8e3df-68f3-4f5f-8993-5ffd6ab8d89b.mp3,1
87fe2f86-4477-492a-a269-be488683d4e3.mp3,0
bbcc4a50-54fa-4b7c-9e52-db6298d5890f.mp3,0
92b92675-3b17-40c6-8e3d-247c14494714.mp3,0
240b4741-fd89-4127-a550-fb16a067896d.mp3,1
c6d5c537-0787-4010-93a8-96c776e2f190.mp3,1
a3585b50-2883-4114-873e-6ff833c3729d.mp3,2
f9d0a57a-6693-48e8-affc-63288ee9dad6.mp3,0
e76f5b4d-f77e-4208-a4ef-c415867d4dca.mp3,0
373105cd-3b51-463d-865a-ce9faaef192b.mp3,0
fcb12f9c-b426-4d59-b975-c80701e33acc.mp3,0
63e8fa1f-a6ff-4963-85a2-e85ba4b7ffe4.mp3,0
daa7ee77-7c6d-4d95-a805-1b9dba70c255.mp3,0
3f7ff5b8-896f-43bc-afca-26381b3bd6d4.mp3,1
099e506e-2dde-4aab-82a0-cd1d52f1dd64.mp3,1
e4c297e0-3d62-4517-b70a-b81c021a5c49.mp3,0
f10da5fc-e29b-41cc-a1ce-d89bbdc2ad03.mp3,0
b97bbaf8-4dcf-43d4-aba9-d81534afd69b.mp3,1
5fb88cc7-08e0-4554-8cee-265d3a317b96.mp3,1
4a9b3d4b-a574-4a98-a41d-792f2844ea09.mp3,0
50ca45e6-6b73-4213-8dd5-12b58d5e4e91.mp3,0
53d26a6c-b47d-4431-89c6-4e217fc51c79.mp3,1
1b3c9001-01cd-47cc-b196-202ec9e22079.mp3,0
54d00f1c-92fb-45c7-b530-d87899b850df.mp3,0
cb0ec297-71a1-4595-9097-ffe80dee8c8e.mp3,0
f4501444-2e7e-4dbf-9a7a-67e298d737ef.mp3,1
f3de281d-1932-4337-8ea9-962f1596ef1a.mp3,1
6f2d5da4-b52f-4eed-86c7-b36c166e7d40.mp3,0
32db9799-9acc-48b1-99e0-96276915729a.mp3,0
fef8c077-9ef2-477d-9d91-fbc4c40b4312.mp3,1
169f7ad8-0073-45d8-a2de-6bdc89a79f81.mp3,1
50086990-4e24-4796-a0b1-44c76d8be83c.mp3,0
fe5531a3-ec81-45da-9c28-ee848c6ba883.mp3,1
e5e44e1b-f367-4496-ad44-14234372e7e4.mp3,0
408b3095-bfcc-46df-b61c-39df4b18dbe4.mp3,0
b5b66c63-21bb-43eb-bed6-c08f893ad0d2.mp3,0
9e591633-720d-4d64-9ded-8748f51fd25b.mp3,0
401751ba-eb16-4572-948f-b87e05913d66.mp3,1
a7e0f96b-cf45-4405-abdf-0bcc587d415d.mp3,1
c20a4cba-6bdb-48c0-a792-ca8d1d72e8b6.mp3,0
636f286c-e35c-4311-8a51-dafb80ddd5f5.mp3,1
aa58f018-0085-478e-bc30-dcc73043f1ab.mp3,0
8bb39b97-2c1c-4217-b7dd-f1ba3bffd076.mp3,0
43adf67f-7557-4713-aeef-9ad2f4d7efcf.mp3,1
cad9818d-35d0-4067-bcd8-0848baacc476.mp3,0
55766154-dfa0-4c90-80d8-b655e0fd2d63.mp3,0
86c85cb4-f98c-4e3b-986f-b2a0475b14f1.mp3,0
4125f642-ad4a-4f2c-8cb2-40e533e87299.mp3,0
cf57bbca-215a-423e-91da-34476cfc5d8c.mp3,1
3cb0e78b-bf22-4adc-985b-793494f659ce.mp3,1
2c62a7a6-f527-4f94-a6bf-c02ef53cebc9.mp3,0
1eb81bef-27fc-4592-b42f-58f5a60e2bff.mp3,0
ab5ba702-eed8-437c-b860-7d42dd8f2c5e.mp3,0
443fabac-f8f2-4b00-a1e9-4c19a8ffc798.mp3,1
0db62a52-a4f4-4711-bba0-65d6c341ec63.mp3,1
b73e689b-b726-4776-af33-95b89d64b214.mp3,0
12bc00c5-8797-4a24-a786-57b8db70c2dc.mp3,2
0e9988cf-46cb-4dc7-a79b-a4ad2e287e9b.mp3,0
da8da40d-29bc-4889-80e2-6529b1111a33.mp3,0
48be226f-4834-439c-b9ab-45d190d963ab.mp3,1
22c8a9b4-4a6f-4f97-aa4f-7bb37f9bbf76.mp3,1
39b1bf93-28ce-4719-ba4d-2ff20c4d57ec.mp3,0
654bc229-a2c4-48c3-b2ad-704e8bcfdbcf.mp3,1
c3f6e8f5-a973-4bb1-81f3-e34ae78fd5f5.mp3,0
a3cf7a71-6c43-4de0-853a-286dd12a6eee.mp3,1
5a117f45-5b2a-4d76-806f-6cb30316a1a6.mp3,2
89238813-7df3-4552-ac3b-593d04dbc502.mp3,0
e3df187f-4bc2-472b-a6b5-ba8cc0bfa9ac.mp3,0
065b713e-f80c-4c6e-9e9c-8961df29b550.mp3,0
673e688b-42f4-4a63-9a96-050c0fbeea80.mp3,2
3c6d72db-0437-44be-9310-df462c0f57fd.mp3,0
c59c7c7a-c0c4-42e7-87aa-89e0647f744e.mp3,0
d65747e4-7ed1-4e03-b034-d89c02e24364.mp3,0
2d523c8e-c273-4f3d-8332-b83ebbb545cb.mp3,0
0ce60a60-fe0b-470b-9fe8-3c8a5dd15277.mp3,1
30dead1d-03cf-4179-90e2-45ad546854c0.mp3,0
4e2b27d1-7663-4768-9499-730d2cee9a89.mp3,0
f97d5a16-124a-40a6-af08-f6f1d53205d7.mp3,0
4572a04b-6959-490f-b1c4-000eae8e98bc.mp3,1
eeffc303-3758-48a1-8bca-0e70fe42e147.mp3,1
6e23b586-cb7e-4a73-a863-730118c7ff37.mp3,0
ce1f91cc-0a1e-42a0-adf5-31c505f64277.mp3,0
bf21952d-ead8-4884-868d-e9e25d03cc50.mp3,0
99fad7b4-2bbe-4c5f-a3e9-ab762cb9820e.mp3,0
ef061e10-835a-4099-b218-01b5ebfab86a.mp3,0
fbd6b5a1-ad24-4bce-af88-8a0889013926.mp3,0
ed00f48e-5b0f-4c70-b3c5-b539c9020dd6.mp3,0
c73046ed-a378-45b5-b635-ed02423ac0ba.mp3,1
508e9658-7e24-4631-8fe2-352c5b207fd6.mp3,0
fc7fdf2e-8bd2-4017-9557-a7015b94eeee.mp3,2
54a84f36-e3fe-4eba-843f-a0c650114f6e.mp3,0
48c77178-9352-4274-864b-a88c92a1649a.mp3,0
d846b27f-a62a-4eea-83e7-51e0dec53365.mp3,0
e01d2a17-57de-4075-af69-081f3ddc179b.mp3,0
46af5295-1324-47ba-89f3-91ed414e0acb.mp3,0
cfa56712-b12f-4686-97de-8a525f755cbb.mp3,2
493e8455-ae87-47ca-92e6-9c75e9bead23.mp3,0
977b133c-37be-4e05-9e04-ced8c79347e8.mp3,1
d3ea47d6-a845-48a9-8d3b-ee2f6a631906.mp3,0
dd249b6a-6d94-49d6-b829-49e77cff4480.mp3,0
e6785cac-59d7-4344-b065-467fd6ac0fe6.mp3,1
eb3bb567-fe19-47a5-9c4a-14bafe07b73e.mp3,0
308a1145-d48f-434a-973a-43464a22860b.mp3,2
b0cbd7ee-b506-497c-b754-b72a56278bbe.mp3,0
1bf98f0a-db64-412f-a8b3-b4a01ee939df.mp3,0
9604ef2a-924c-4f96-b3c8-40e0eca41486.mp3,0
44a1712c-9cdb-4d7f-8113-ae047ca77c2e.mp3,0
5f2ea87c-163e-42f3-bfd6-cd649d5a92c3.mp3,0
e9b57954-106d-4117-8c1a-a82108715917.mp3,0
60349e1a-4017-4ed0-aa05-2f5ebfc3d0ef.mp3,0
93d96825-ede7-4f25-a657-25324de59ef8.mp3,1
a8405a65-2175-4b13-8f74-9ce3c2367216.mp3,1
bebba8ae-7809-45d7-848a-62a333d3dfd5.mp3,1
938e268f-fc09-48bb-aa87-52e737da9761.mp3,0
65684185-dbad-4a20-84df-10e973f44f75.mp3,0
d4f97819-257c-47c0-a7c7-ad630240a929.mp3,0
c7342e40-9b5e-45c9-9cd8-f2c2bdc930b7.mp3,0
5a0e003c-d126-4e85-831b-f0943d0bcce0.mp3,0
0aebfd1c-49ee-48bf-9d47-c8cf6e3af9c8.mp3,0
063862ac-3be4-4750-96fa-abc593ad5213.mp3,0
1a255695-4a15-46eb-876a-dfa4b975c3b0.mp3,0
267d1d99-8368-463d-b0a1-e664ced6a156.mp3,0
2af3c0c9-d32c-4ec9-a3d8-a4db4928c8d0.mp3,0
03684c39-7fb7-48f4-88e6-399691adbb40.mp3,1
b2c537d7-bd94-4845-af98-d51d1012b448.mp3,1
465014df-272d-4ec1-b13b-91545bb9eec7.mp3,1
30dcf462-a11b-479c-b707-3b052155fc47.mp3,1
e4580076-a446-44f9-afa8-b2d623c09b21.mp3,0
c63aae1d-2376-4eba-a5eb-f2d5b284c5f8.mp3,0
18de485f-fd26-4400-a2dd-5bb1603d86ea.mp3,0
f9d8d3ea-f1d9-4fd9-b7f6-24322bf1eed9.mp3,0
f1717e71-93fb-4398-9131-49f1f2f752f1.mp3,1
8af3e172-c8dc-44f3-80c1-48780e5dbb78.mp3,2
0620b40c-a9f3-4574-ae80-e622738b78b7.mp3,1
a344638e-4ef9-4630-94a5-9511147cb528.mp3,0
c0700bef-9898-415e-8587-2c8872a552ce.mp3,0
6ea460df-d97c-462f-8223-5b35b28ef263.mp3,0
9d02bbf8-ceb4-4970-bb47-704b7f89deb1.mp3,0
951da3f4-f932-4749-8d3f-5d8466c9e0bb.mp3,0
3ef3cf89-6146-4bd1-bb0d-dfd21c25585f.mp3,0
9ad3487a-5b03-47a7-b8c3-e624d4113514.mp3,0
96cb1315-70d1-4b21-a4e7-27f775ad262f.mp3,2
cdd73245-d52e-44dd-9d09-ed8b91851100.mp3,1
4186d4cc-37b9-4b68-bf4f-9557b217a4c4.mp3,0
e8078e0a-8c49-4b78-b81f-0ffc1fec8d1a.mp3,0
7e33f8fd-7e50-41bf-89e5-2329d50ff79a.mp3,0
f1bdd909-7f35-4aa0-9525-24e046c700ab.mp3,0
98e2f22c-d8ba-4eb3-ada0-1ed843c31e6b.mp3,0
7f60a3cb-d87e-4ccd-9368-b40a437aaa07.mp3,0
18b1783e-598d-4ade-b4bc-d7d2c4102cb1.mp3,0
9abc8da7-f8cf-413e-83e2-47d761ad3747.mp3,0
bc639796-846e-4e53-a86c-559baff96228.mp3,0
23c99bf6-ad2b-459d-8daf-44d8bd89057d.mp3,0
5b18e821-0760-4e9c-bb14-99b4750f0096.mp3,0
d1428ee7-03c6-4425-9ef4-1f852273bdbd.mp3,0
387c36fb-d09e-46c1-97eb-e34fc27a2120.mp3,0
b276795f-4973-4491-9564-a5bb14d992d2.mp3,2
cb8841aa-0c45-47f7-9cd5-8d6215a2adcb.mp3,0
89140ba9-b46b-4d57-aedf-6699c5da2c0d.mp3,0
366339b1-4a3e-4566-ae75-fb839de6d642.mp3,0
91d53e82-ac17-408c-8ff9-bd2aed928fd2.mp3,0
afebede5-6d90-4bdd-956c-22264adb0cb5.mp3,0
06968f23-f49d-4d8d-a5e7-f6f65fbb5541.mp3,1
12016585-c762-49eb-a8b2-ac5002d00605.mp3,2
1f0e1b62-94ac-4999-a5cd-c73d07c54168.mp3,0
8dd1716f-42d9-4134-89fa-6e2837900aa2.mp3,0
b693157d-8b60-44e5-9ea6-1b7a2044ba54.mp3,0
fbb2d84d-655f-4abe-97ae-7a5e12e66dd7.mp3,1
21240822-27d5-4fa1-8a4f-d2f45883874a.mp3,0
4f4f68b9-2d48-4f11-9744-295a9d85a8c3.mp3,0
44686ec6-54dd-4332-854b-b1f8e2c1718b.mp3,0
d452697e-ae34-436e-af85-1a2c8225371b.mp3,0
36cc4f91-568c-4175-81db-8bdd931bffa8.mp3,0
fbb8bc60-57bb-4254-bd02-3a34ff70cdc9.mp3,1
cc50f213-79ac-4d48-8b2b-7ccc6efacb0d.mp3,1
0a30ecc1-81e9-4d68-ad48-58693c71c005.mp3,0
202ff748-2afe-489c-95f7-063b0e6cc3ce.mp3,0
de6f5c96-cbb6-49df-8654-fab0b92b55b8.mp3,0
190d01a8-fabf-4bdc-9b67-eab2445b1395.mp3,0
60eaf8cb-e724-4677-a027-e037c7d86ebc.mp3,0
f1a22af8-b97f-4ab2-b104-366c3f894238.mp3,0
87d4168e-7594-46a1-87d2-1315b0e87a94.mp3,0
4336cdb0-2370-4074-a229-3c4d29e1c48c.mp3,0
31ebea49-5449-4728-a75e-708c9e179797.mp3,0
ec6740aa-0cb7-488f-979e-469a6dd4274c.mp3,1
d475b705-c273-487b-bdd0-8f764295b3f3.mp3,0
2280b60c-16bb-4194-b28e-346e4d847eb4.mp3,0
c941e3e7-f0aa-44af-af2a-b861a7759f75.mp3,0
962379dc-11b0-4633-91c1-8db5d45d7af1.mp3,0
e091c77e-be95-4b7b-a8c2-1e63c6d47418.mp3,0
9a3cfc86-cb7d-4018-a9f7-1c521751d7d7.mp3,0
5f1bbb74-f1f4-467e-8b4a-bf8cea4cd12e.mp3,0
eab534e8-49cd-4db6-93eb-a1149104d9f6.mp3,0
0994a228-64bb-4621-aa9c-3d9402971d6b.mp3,0
7f9b4adb-c7fb-44c6-9926-6ac8e9acbce8.mp3,2
bc7df191-42b9-488b-b0ee-eec919ad154a.mp3,1
7b4efc2a-346a-42ab-9095-17af4470d769.mp3,0
754098df-ad15-4177-bd22-61b9851c05bb.mp3,0
d705eb9f-f207-480d-b970-691294ea9853.mp3,0
f75a3c22-9f1d-4f9c-b9a5-55fcae3ebe95.mp3,0
09188cd9-d8b3-4c48-a342-abd9a3d8e4b3.mp3,0
8ffa8248-d215-4336-8398-3def45a0fdd0.mp3,0
30a74451-ff17-4b62-9809-785ecab32497.mp3,0
1c79704f-2d71-4e59-b71c-1504fb5d36d1.mp3,0
fa7caad4-bae4-4962-8fa1-11dcf07f62a1.mp3,0
1221c720-eb1a-4631-9ecd-5f20d75a3281.mp3,0
2b85ed83-7133-4244-8191-24eed9525eac.mp3,0
fed7ecb5-a03f-4998-8bec-6430894ca30a.mp3,0
eef2bef1-fb7c-46c8-997d-20f91cb9ed5e.mp3,1
8af357b3-2143-48ae-9316-941ab12117e4.mp3,0
2a54c122-0eeb-43cc-a90d-7eadc314e2b2.mp3,0
509065ec-12c8-4a01-bd62-4ca8edd12ed9.mp3,0
a2f73fd8-f290-42b0-99e1-b7f05821b03d.mp3,0
1c382ed0-542b-43a1-a2e7-5ed9ffc2b7de.mp3,1
aa883d81-ec2e-4793-acc4-6d4d01365945.mp3,0
5ed78858-2f99-409b-96e8-64a210055fab.mp3,1
2419b16d-f455-470a-ad32-cc4f4ec2a78d.mp3,1
cca5d73a-3733-4d68-bbd1-1425bb7854d1.mp3,1
0eca2a47-4f81-4c60-8d55-0a8a457944a6.mp3,0
0a7ccd83-deea-46af-bca2-807c5c0b7268.mp3,1
fe9f6acc-f2f3-4cd5-97fc-1e4cc7e7c983.mp3,2
96bf2951-9ed4-47de-9a01-6eb0acac42a3.mp3,1
0af14723-1d92-4bbf-8f02-d5731225b4f1.mp3,0
7525f59a-4355-48f2-a33a-aff68f65c558.mp3,0
49081f09-162d-4d61-a671-88edb9fabe82.mp3,1
f85e6275-e37d-41c2-bb97-172d94a17e73.mp3,2
4e9e0794-a58a-42b3-9d3c-d69a06a01255.mp3,0
c9d2109f-1e5b-4fff-a7a6-e1174627ee76.mp3,0
409337db-15d6-46cf-86de-1cff3b396ed4.mp3,0
aa4118d3-1cae-4cb0-9a30-45510ed97fab.mp3,1
c9dc7a8a-23cf-43ff-9f75-54edfcce0193.mp3,1
d06bcf6f-dd9e-4d46-a715-a5be7a038cfd.mp3,0
1696d9cd-2d37-4e21-a6db-88aabeb65ef5.mp3,1
6e038a8e-9b71-4e1d-aae2-620a50fa1681.mp3,0
591a88fd-bcc3-4c92-8f00-a03263ef26f1.mp3,0
6ad8e29a-88f5-4128-9c28-11bf6376c1b4.mp3,0
20735433-ef50-4cd1-ac78-15b4fbb30bb3.mp3,1
0d5ab6c8-a91c-4cb1-8dbe-d9dd1a115231.mp3,1
67713c2b-dc78-459b-9532-c3bf3a6b2b5f.mp3,0
9dfe1632-f8b0-4616-9913-0a91854e6bf3.mp3,0
d261fba1-12fa-452a-838e-5e5d2ba88cf7.mp3,0
82506761-b506-457b-b501-93704f7bbf89.mp3,0
c85c60b4-ffed-4a47-9b91-b1c19e6c5a5c.mp3,0
e1eb5146-3136-4623-b6b6-2f5389d00e83.mp3,0
1011e19c-040d-4c29-b9a1-b44484e617f0.mp3,0
2e335c89-41e2-4a28-8503-b4f42c59ccb2.mp3,1
2f19a0dd-aa15-4e3f-9f38-a7fd9a4525cb.mp3,0
dd7d618b-2471-4ed8-afa6-bac92284ee87.mp3,1
dd000b68-709e-43c8-aae5-03fbd921ade3.mp3,0
244f3a29-b441-4c43-a1df-532c000ecbd1.mp3,0
cf1b779c-3ee3-47ea-af8b-78e7c90709b6.mp3,0
1fa8a6ae-706c-4dbb-b24d-5240f434dda2.mp3,0
bf418953-acdf-4b52-978b-514c8d0b23a0.mp3,0
a9ec6480-8d2c-4271-bec0-ad3481d65829.mp3,1
21e759aa-0b41-4ff9-a1f1-de15db84cb11.mp3,0
77482de6-72f4-4b09-b2c6-cd63c3ef4ebc.mp3,0
37eecce0-f0b9-4350-8de2-02aa49e9761f.mp3,1
e50ba5ab-a846-4076-b80b-e1441d5942f9.mp3,0
9e17b30b-c078-46ca-bf48-5819b0c3f501.mp3,1
373ec9a5-4732-4cdd-b6da-9d7ad91dad34.mp3,0
49b6b116-c5d6-4ac3-849a-00a45e61eb5b.mp3,0
b559f126-9468-4b90-bcb5-1b526f5e0dea.mp3,0
34acf973-2720-4c0f-95f1-cb2af93236d7.mp3,0
fd436ac4-7ee1-4ba6-8b23-0e0ad70f5641.mp3,1
e55a75c3-1a54-4ace-8a49-5794953b9f06.mp3,0
220d8a01-23cc-4601-9f07-476e4048a30f.mp3,0
5ceb2774-a189-48cf-bbce-7f39893c63d1.mp3,0
9795fbc8-6643-47ea-b6cf-10cdbae6c24f.mp3,0
9a820f03-3dc8-4be9-9419-e745c6823004.mp3,1
49802400-d1f5-490d-b638-15476df4e6d3.mp3,0
bef6e10f-6501-4f8c-8e62-3c473dcbc21f.mp3,0
4633182d-1e41-4c0f-a412-051628a010ed.mp3,1
3476f7ba-a7aa-4176-9532-4319a4e4dcfb.mp3,2
806a8bb1-8b72-4e8d-97e2-db7fbdaec5e8.mp3,0
c2790913-382a-4560-b3f0-636acef9a6aa.mp3,0
d39035b2-5f45-4d7e-902d-7779c0c97cff.mp3,2
42a2fd09-0332-47b6-bef1-1ab776ba85f9.mp3,0
1361a0d7-ea83-4d85-bd7f-51f8ca21761d.mp3,0
1a9bb5fc-0b84-4f82-8a47-dad26d75465a.mp3,0
dc9b04d9-a4a2-4e44-a614-c6ae16a98b27.mp3,0
6ac127a3-748f-476a-9867-7f3669f06ec3.mp3,1
6c837c7c-239a-46e8-845d-5e23be9365f3.mp3,0
6f18cc3e-b57b-4d3c-a3c5-cf1b195d9675.mp3,0
04002eae-14f2-4d15-b66e-e00834093d7e.mp3,0
b435135e-dd42-422c-8074-281a83d6f323.mp3,0
ffad733a-84fe-4e1b-b195-8e50fcdca422.mp3,0
af62b6d4-c1b6-4d4f-82fe-5ade7a47e243.mp3,1
bd48bcab-94ed-4718-91ce-dbf355d1f25e.mp3,0
986bc83d-f0bf-480d-be75-622bfddcc3b8.mp3,0
2a7f2e28-4a3c-4c12-9038-8cc78bc96a25.mp3,0
5241c858-1984-4414-9eec-b7574c40fcf8.mp3,0
a4844bf0-fd06-469d-ba5d-d82dfdd7fc76.mp3,0
55aad505-95c4-47a2-8957-fb481ff5a7ed.mp3,1
03b1a873-8ac7-4d30-8193-ba19a4f72254.mp3,0
2dafc8c2-0134-48d6-8a20-4a8bd8b38545.mp3,0
191cc54b-96df-4655-bbfa-2dcc0156cc74.mp3,1
1602a3ba-4471-47ff-ab72-cf925d9e031f.mp3,0
b0f827c3-97d8-4146-aece-8c9649e63913.mp3,1
eb32617b-d8f5-435f-b33e-9b3306ba8b98.mp3,0
1a3ca69c-d382-499c-b9f0-b51319890d4e.mp3,0
f800d610-96e5-4604-b4cb-19c820e13372.mp3,2
d6a9b5b8-0b97-4721-95bc-a04f54ddc6b2.mp3,0
e5da0bea-2004-44e5-89d5-e15729ec4b29.mp3,0
9e405af1-6327-4e88-a901-30b28611cf24.mp3,0
7fa0f400-1ca1-4aa4-9979-5c5d7b17ff4a.mp3,1
828ca7e1-8633-4dc6-b1de-6a9cca54579f.mp3,2
c786ade5-d4ee-4df6-b782-569f4b9ae625.mp3,1
4a27e743-fcd4-4c35-b6c8-a5b8081d141a.mp3,1
b4256d9a-c22d-4d23-883c-188105fc5cdd.mp3,1
408d91b5-05f0-4b2e-a031-bc5bc064d7c2.mp3,1
46a95d31-2b11-4af0-ae14-ec393dac403e.mp3,1
8e412bea-b521-4e68-a8ec-bc2524c50bbb.mp3,1
a9d76ccc-7547-45f1-be2b-a684d784256c.mp3,1
7b9df9d8-d8df-49cd-8781-0974e684967a.mp3,0
556f1870-e03f-4310-8ecd-cef87385110a.mp3,0
2e59e4ca-f4bf-4c6d-a1b2-c48676232cd0.mp3,0
aafcbe53-1c19-4995-92bd-453499c41831.mp3,0
efda41cf-e353-4fc5-b7ac-04807f939c1e.mp3,0
cf1bafbf-7707-4d01-bd6e-2345281c4182.mp3,2
a670418b-0adc-4088-8ed1-e55da1a611ed.mp3,0
1e3efe37-ff14-4ff0-b254-054794506bbb.mp3,1
c2388b81-d42e-4999-a1b8-7a1c7a3b1d2e.mp3,0
03c9b52c-b50d-4dee-99df-69d44f00d2a6.mp3,0
520ca91e-0afa-4291-a827-e3308d68f6b3.mp3,1
f48873a0-1185-4d35-b322-d14569925fe7.mp3,0
0f35480c-10fa-4004-8d9d-c67fdb789b66.mp3,1
655229bd-2b97-45df-a375-31ff4e0f2fd5.mp3,0
eb045136-f859-4b8c-b2e2-5cee791d5b5d.mp3,0
4fc00e0c-486c-4621-aaab-ce07aa93f519.mp3,0
232603ec-c140-487d-a61f-b959364c8dfc.mp3,0
e82b49aa-01f4-493b-b294-4c6396a1beb5.mp3,0
fe77077b-ac5c-4096-9bf7-a086d43cfc47.mp3,0
77d9cc77-5732-4ef7-9623-ecb7290ebfce.mp3,1
a9d7af97-4c6a-4feb-a451-be3f3df11eb5.mp3,0
b7c34e28-bf48-44eb-98b3-5daf047285de.mp3,1
11aacf8d-58de-4494-b236-7b40122595de.mp3,0
79fce754-ba10-41ea-a963-52416d334ed7.mp3,0
2a0f65c7-d6fd-40a1-a6f1-1373d3d2b0ff.mp3,0
74907421-0650-42c0-8789-43607672932f.mp3,0
c2f49c8c-620e-4bf5-9a19-f183eac866f5.mp3,0
f1451291-1bdf-4e00-be34-9cbad71cc001.mp3,1
b6dbb6e3-583a-4803-83d7-f1a054b9c1f0.mp3,0
a877bc25-09e0-4c50-82b5-85dfd60319f7.mp3,0
1db9bab6-67d8-4bdd-a46f-9d3da4dfe3c2.mp3,0
5dc133e3-4109-428c-961c-d1f74b777fab.mp3,1
2755a2ad-9a17-4f10-9219-55f298d57166.mp3,1
99bd3820-8674-4390-bd87-6c009e157b1c.mp3,1
2dff6dae-51ef-456a-8ca1-fe5c5ad4596f.mp3,0
c920f03b-38b0-4ec1-b0c0-f606988cc1a3.mp3,1
ea696003-99b6-4495-b58c-b9592b5afc02.mp3,1
f4cef3a5-d6af-4a8d-8f15-d2c2a2c7db6e.mp3,0
c1dab5c8-3796-480b-956a-63f33ff51554.mp3,0
815eec83-e03a-4b31-a257-19e7ee1701fd.mp3,1
72e2a94e-90a4-49b3-9fe0-3d7df5f9ed04.mp3,0
6ae5ae43-aa2b-44a4-ae41-4e79ca085d0f.mp3,1
22788c76-6d01-4ad2-9f16-80040224f3f9.mp3,1
fba7d163-347d-4349-8584-e78cb20c552f.mp3,0
344ac7bb-9846-4cd7-b4d2-a29095b93818.mp3,2
08d9efbd-4ff9-4fc2-b5e4-f6211d749129.mp3,1
1bf3f635-fd85-40f3-b65b-554c4213a843.mp3,0
8a6015c9-dac7-42df-aa45-0083a58d9f68.mp3,1
abb63d35-faee-4752-86ba-c1e6fb0d2c33.mp3,0
e4772fcd-ba16-4e20-90ce-fa88de4b00ea.mp3,0
8697d1a3-3d0f-4129-a9ba-6695a1d860c7.mp3,0
70c6302a-a460-45e0-84e4-f5a622804ac7.mp3,0
14d0ce6b-beba-4a68-bf63-80582c951ed2.mp3,0
e90900c5-eeca-482a-b180-d6b5874ac5e3.mp3,0
ef3a7091-579d-49cc-9ea3-b74750dfb765.mp3,0
c5a7b8bf-e98a-45ce-b0ee-01287ad343fa.mp3,0
a0224d6d-09d1-4c1e-a5e1-9cd68a9fa2a4.mp3,0
8b0fcfb3-15ba-4739-9c98-7fffee093747.mp3,1
504258c3-8614-40bc-a4f4-37fcedc6b717.mp3,0
0342545e-545b-4747-8c18-b9a8b169c45e.mp3,1
c7bf54a7-7e8c-4d1e-8436-f7b37d11adfd.mp3,1
02ebe6ae-75ea-4e63-95a1-6018bb514e6d.mp3,0
f52766ba-8eb0-42fd-a7f4-d03d66d7b793.mp3,1
db8f6e5b-c834-4e45-b891-12342ccc41bd.mp3,0
ce84b624-c79f-4de1-82ac-f7ca80fe3b68.mp3,1
cd5b6271-e5aa-4322-989f-1f7d8c67880d.mp3,0
87a22fb9-2379-4633-99e5-c23e0b69af48.mp3,0
4cea2a9f-edb8-4fe1-a898-e8d9f36de6cf.mp3,1
d7903c54-108a-4d0d-9cdc-36504a851f00.mp3,0
dc285a29-ad7f-4a2e-870d-55a7e20b2c5c.mp3,0
a01362c9-660d-4cf0-a122-2bce9d48e831.mp3,1
25fbaa01-b898-4118-990d-851d511dc7cf.mp3,0
30e8d79a-2229-46e7-8a98-dd129915c993.mp3,1
4d79ca52-5397-45f3-9fc5-fa7518b53372.mp3,0
0cd5f28d-2c64-476b-9839-4e02d1f309dc.mp3,0
e5d6832a-5618-42f6-916a-019a30659daa.mp3,1
c4e5cfca-e8c3-4457-a79a-a69012f41c5c.mp3,0
eb38dac5-5f1e-4251-a8f2-adc8bd817299.mp3,0
982813ed-8b1a-4e1c-b544-28f1c91adc0a.mp3,0
7e542704-f7ae-4518-ba82-d64eed0da502.mp3,0
51ba7fc2-aa0f-49d1-89ee-12bef7119cb3.mp3,0
f9a0be1e-89b9-471f-b406-6f5d65de4d7b.mp3,0
b57a7bbc-d89c-456f-8b0c-badef4c5910c.mp3,1
56c10bd8-12d6-4ce0-9192-dc2f783f6817.mp3,1
b414a708-e12d-4801-ad21-b535ad3ed422.mp3,0
99af75c3-4db8-4e70-ae95-c78a94259c37.mp3,0
8b4c5393-bac8-47ba-a5f8-1c9ac7ba9098.mp3,2
d84dcc1c-4201-4998-8dc6-ac32dde71f30.mp3,1
88d5d4fd-423e-4de1-826c-66ea3ff86bb6.mp3,0
3e08964c-c506-499a-98f8-ac4fce03ff91.mp3,1
8f685ee4-b320-48f4-82b3-3bb344e716fa.mp3,0
f878bf38-d9e8-47ce-adee-fc367b4ad494.mp3,0
ce6973de-7e40-42de-b04c-903ee80da128.mp3,0
146d3562-1130-42e4-a201-07067a46dd13.mp3,0
815bb113-c641-485f-84de-8b10040485d6.mp3,0
015572df-4936-4fee-8662-ea454f8189a2.mp3,1
7d529553-d408-4aa0-80d3-a4755a19bd8f.mp3,1
f779b074-556b-4286-802d-e53e68a7255f.mp3,0
1c8923cb-bca9-4d4b-b7a3-59fb9a43b6ec.mp3,0
1123f4ea-d502-460e-bdd2-bbdc6fa63f60.mp3,0
b7e252b1-f2da-4a88-91f7-b9a482ab9125.mp3,1
bb7d7b59-95a4-4b70-a48f-a385cebf06a2.mp3,1
fbdb7dfe-2076-4eab-b4e2-072fc4307374.mp3,0
ad410bd7-01a5-4811-bdc9-28d938ca2de1.mp3,1
4ef80d2e-79ae-42eb-9819-0d43ce377e03.mp3,0
985402e9-ed71-4e89-b726-6e23671d11db.mp3,0
2cb8d672-a59d-45f3-8d61-0af7bef3a7f4.mp3,0
ffed5ba7-43d1-423d-8edd-e7b1d4ede94e.mp3,1
5db05a55-b7dd-4d7c-aa72-c03d16e06aa2.mp3,1
b2b81013-d90c-4a72-814c-e162dfe02cf0.mp3,0
964174db-878f-495c-af17-45e4f4f798af.mp3,0
13a71f8d-1691-43c7-bbb1-8396e34f0695.mp3,0
8d54534e-846a-4bba-96a8-473f69bd72b9.mp3,0
f1701267-eec0-4a14-ab5b-c8d0e0b2b0ab.mp3,0
6f1fe2fa-30c5-4ee9-a6e6-19c972574afc.mp3,1
44e05d03-fb80-4895-b0a0-b1af10b0361f.mp3,0
7299ba57-ea1b-4d4a-9ebb-e6517c7f2c87.mp3,0
3ff6c799-cfc7-4302-bace-37de6d2105f1.mp3,0
6eb2d59a-9da4-4b38-ba84-85b1a4200625.mp3,0
09395305-cbf3-4944-9d7d-e9b4e0f10a42.mp3,1
241e957c-02f1-4bd1-b1c3-787e97b23c1a.mp3,0
6be2ea8e-0ec4-4cce-871f-081f33d0fb28.mp3,1
3e473bb3-25de-4226-901d-a1bb26e9c8d9.mp3,0
b834fdca-5b7a-4de6-bf36-6deada624d76.mp3,0
90919556-469a-4fa8-9ae8-ae0ff2578a55.mp3,2
02e9226a-1236-4c06-b7f7-da396b3801d5.mp3,1
64a0da19-5031-4d23-a178-01d36d8a590f.mp3,1
8a4794e5-52f3-4cc0-a412-a26cea784a01.mp3,0
728bb3cd-069a-4ef3-9beb-5c744223f479.mp3,0
d6561f1e-af79-4708-acfe-277be05f538e.mp3,0
57a77768-788c-419b-b4cc-0ee246e52535.mp3,1
42283fe5-0590-4e29-9251-dd216577ccb0.mp3,0
77b356e0-9c1a-40ae-9b7b-e78db6494e67.mp3,0
302d9a1b-cb7d-42c6-9d5f-cc26af94699d.mp3,0
5e3b7d95-a108-4882-a21a-af13a956c8b5.mp3,1
40d0dedc-d5f6-469d-9ac8-1287bba22d5e.mp3,0
9911f760-c604-43fb-8956-81a749297cd1.mp3,0
828a0c83-3b3b-4e8d-9f4b-aad08234c3ef.mp3,0
e6d782d9-f813-4b7e-9ae5-98f378a5385a.mp3,0
6a403b68-69c4-4fdc-9681-04a5eeeb128b.mp3,1
bc7d7169-6c05-4608-a8ed-4653c9b1adfe.mp3,0
ebccdda0-be07-4485-acde-32390e9faa9c.mp3,2
75220d6b-e72c-426d-9a07-6753c389b184.mp3,1
1811e987-f03a-45d8-bdee-efaee862d8d0.mp3,0
1cf7137b-2308-45c7-bf26-742297e856b1.mp3,0
43963723-1b5d-495b-bf6f-ef2c8de5922a.mp3,1
a3e5345c-0889-4113-a1ea-b071be28f4fc.mp3,0
47cde82e-8674-4252-ac60-c5978aed108b.mp3,1
4e18eb75-9202-4410-87da-8d9610294312.mp3,0
00f74afa-023f-40a3-945d-94024e43484f.mp3,0
c8e510a1-1a0e-4881-85df-5727ad66ac0e.mp3,1
37dea060-bb8e-4489-a0d8-8dbbb325dfd5.mp3,0
a6d1a7af-42ee-4630-b4f0-1b372ec46175.mp3,1
9f3850ab-eb54-41c4-a248-f283f02f734c.mp3,0
4b05b9f5-158e-4dc8-b901-e731e0c50f36.mp3,0
43b8e783-cabd-4324-9aec-a8b09a87a2a2.mp3,0
91c85681-f405-4d83-a190-3748b4abf5a6.mp3,0
6deba2d2-903d-44a7-b4f2-48702e05c246.mp3,1
c399a6b0-b70e-417d-a64f-fa70840b31bc.mp3,2
1212a81e-ae4c-4e46-af18-3afed48d9ce2.mp3,1
60e21b18-295b-4289-994f-191f9553670f.mp3,0
aa42bba8-ea34-4e67-83c3-69a69b935e47.mp3,1
e79fb1c0-e6db-42bd-bfe3-659fda5bac97.mp3,0
9e0cd62d-dfc2-4ceb-a513-1b6d0ff198c1.mp3,0
4b9bfaa8-fca9-4ef2-bcce-d1b602b4261d.mp3,1
ff8bce55-d900-4447-88f6-089b9a99ff8c.mp3,0
51a31cfe-1dc0-43e3-a379-71697ec10d30.mp3,0
940dd17f-f06a-4db8-8f56-f4ae794c0b16.mp3,1
d1f1d2bb-4104-47b1-b19e-e79d16bd742f.mp3,1
b1e55816-15bd-4cce-97c6-80b741a169bc.mp3,2
684bac43-f5dd-4105-922a-50ac2e048081.mp3,0
f3f80c46-146e-4362-89b4-e76bdb125d68.mp3,1
11f4fe67-3c57-4a5d-90fa-f4018a310070.mp3,0
4e05533b-62f3-495b-959d-6872ddf92177.mp3,0
87a086b0-2210-49d5-a691-ada50c91dff6.mp3,0
4791dde0-a985-45d5-87e2-7a9c748129cc.mp3,0
705f0ac5-58ed-48da-bc41-544452574e4d.mp3,0
e6d82afe-260f-4846-8e8b-62fd53a0b592.mp3,0
9e03499e-d342-4033-96ea-1de7b58e867c.mp3,0
ae16272a-5ca2-48b3-925d-306e49dd1336.mp3,1
427106bb-527e-4340-af75-307f4d160a28.mp3,0
72dc0c65-ef5d-4be7-999a-7fd3c2d9319f.mp3,0
7e5e9b77-b7f7-4153-a420-b382c641b314.mp3,0
6809d95a-9e6e-41f9-86c3-3a1f588b7fe6.mp3,1
9759b338-a4d8-4039-8f51-a3a05219dc46.mp3,0
4bc80566-a551-49f9-8c4e-04fcc8ffc17d.mp3,1
153e82a0-2b10-4d44-99ce-76a44005a51e.mp3,0
792ac20d-686f-40f9-9344-7cd2b09b66a3.mp3,1
74bbc711-a795-4152-a0a1-09654387ea20.mp3,0
c6df4a76-19a8-45de-a430-bb21444b7b74.mp3,0
3218dd5e-1180-40ad-bdf4-51e548431185.mp3,1
f1caffe7-62a9-44d0-b1c2-f040eb8b71f0.mp3,1
25b64ada-32ec-4825-b922-6a68ebf9287f.mp3,1
dc62b05b-7a70-4853-b162-bfd7edfb45ac.mp3,0
50e5edb4-94b8-478c-8ee5-238769a91008.mp3,0
eb99f7af-851f-4562-a979-1d613c596e6e.mp3,0
36f99d81-45ef-4dcc-8180-bda11510dcb6.mp3,0
b2ddfe90-9e85-428c-9cd3-3ece433ad844.mp3,0
b832db2c-544a-4e69-a0eb-6a620e3e3cc3.mp3,0
1cd80045-1fed-4b55-956d-309d22ff1500.mp3,0
95380a6e-935e-4b10-a10c-650ea168e435.mp3,0
510589cb-c135-4f1f-a2d0-b9689333ebf8.mp3,0
000b8d54-53c4-4241-a073-cce2aed0ab82.mp3,0
65042809-bb30-4365-82ed-3310fc7c9e47.mp3,2
8fb3f5e3-89b5-41fd-bf24-10b391deda99.mp3,1
34191a03-fa25-4dc2-b29e-189edfd3af71.mp3,0
90a6d845-ac7b-4f27-bd8f-3eb839a8f8bc.mp3,0
bfe89e16-619b-4970-8853-cb7845bfa12d.mp3,1
9e41736c-48d7-45b1-8ba3-7ac32f92db9d.mp3,1
6b9bd68c-7520-4d7f-a6dd-2e2b00089b64.mp3,2
184ed3ff-da79-40b4-b4bc-746a85c7dd37.mp3,0
a8ba82f3-6274-4d73-b0b1-13118649721e.mp3,0
968ae6fb-50a9-444c-9405-47f6540a67e7.mp3,1
af6c3cde-7129-4295-89e4-f6db59bd1431.mp3,1
d9d3481f-9932-4a45-a3a1-8b161b27561d.mp3,0
cd9b4a69-b9ca-4308-97ee-6196cf9f68b9.mp3,1
62e41614-b102-4ac1-bbdb-66a785eed0a3.mp3,1
021a88c4-398f-407a-8734-8ac924e76da9.mp3,0
dbd57590-d0e1-4c80-a399-03d15e2b2d66.mp3,2
33d0e7db-720d-45ff-9015-72bae1fd64c2.mp3,1
b3af3f49-8d38-44c9-ab60-eea333b6a05d.mp3,1
f2fcf38c-6732-46c5-a922-12164ebaa7ec.mp3,0
eefa560a-7425-4f74-81f2-0d9df9c399cd.mp3,0
0524723c-fcd2-4b45-8be7-b088e859ddea.mp3,1
15bc9944-55b6-40a0-b0f1-aca0ee687a48.mp3,0
3f2581be-a17e-4fb5-b3d3-f5f86c22d675.mp3,1
3e018f59-08ea-4de3-8ddc-aee80fb894b9.mp3,1
ad2c19b9-e9ef-4ee3-a823-23fd7f35bf73.mp3,1
8d1b9f23-bcab-4dee-9e93-9b9f44716589.mp3,0
0db157ec-d51d-417d-b3eb-3e64ccbfbc36.mp3,0
72d7cb07-b2ae-4391-979d-b0dd061ffcee.mp3,0
46042519-a23e-47f7-a2a6-4acae019c91b.mp3,0
503dd3c8-5230-46bd-9a2c-62f91dd5cd21.mp3,0
fb32f869-8f62-4ff8-a7a7-7da5f9c25fd1.mp3,1
ff79bff1-32c3-4b0f-be0c-9a72f3da8e7a.mp3,1
a383aef9-45c7-4afc-9a68-9133d7015e94.mp3,0
c1de9863-041a-4964-a977-d05dd20f72e9.mp3,0
73fff70e-e7dd-4cde-9805-f7f46ba193da.mp3,1
dd76a5ae-e099-4b12-9bce-d2fbec293b08.mp3,1
09cd6231-10a8-46f5-89f4-190d2eff6fa9.mp3,0
0616cf40-bb9e-45e5-8995-5557e948eaf3.mp3,0
d2233390-3c3e-474e-a487-3f162f02118c.mp3,0
fd4af87f-8fc3-4f90-b7b0-83d34ab460e3.mp3,0
b98aa3aa-209a-43ff-be09-d39171063c6d.mp3,0
452c4b53-b243-4f75-bb42-02f65cf23689.mp3,0
fa3f2797-5e90-4011-8cdb-b4a164ff313c.mp3,0
46215a4a-12b7-4597-8e62-fb8c934d4ec5.mp3,0
b5fa9ee3-b430-4e41-b388-3999f1226341.mp3,0
7507dc89-e0d8-4e71-962c-aae949490115.mp3,0
b2e106fd-6eba-4d86-bae2-b3401ba4019b.mp3,0
48bb3744-7d10-42d4-871e-66694eb68a54.mp3,1
dfe5251b-e158-4e9d-8739-75f518697d71.mp3,0
e250666b-8513-469f-aa86-35d7ffbe46ba.mp3,1
6c86ed17-2645-481c-9541-79e703c4c0f3.mp3,1
2a145949-8432-4370-92c3-43728bc66117.mp3,0
20ef03b0-5270-42aa-85f1-839df68381f7.mp3,2
5c6742ba-4a9c-4dd5-a7f2-cada38901fda.mp3,2
3a5c8628-c8e5-4c58-97f3-12f07ae47016.mp3,1
6548b6f1-cf65-463c-92a8-586e63b0c8fb.mp3,0
38a8fda7-dfa7-4dc3-836d-87f3df6e6ceb.mp3,0
24c6e7c2-4ffc-49b3-b1bf-39a42277c011.mp3,0
205ac06f-308e-4d1d-b393-545f7287d5b1.mp3,0
565f502a-aa13-4eb5-9c4a-6b44acf7c16c.mp3,2
d609e60f-c4f1-4316-bce9-239cb6730d20.mp3,0
9fe26216-e73e-44bb-8e81-716a44a70664.mp3,0
89486efd-4ae8-4630-bab5-97717f8a1094.mp3,2
2da75b07-ca91-43ff-919b-4e9bfff8d043.mp3,1
9aebb46c-a2aa-4cc7-80cc-38c6477e1fef.mp3,0
56535d57-fe4b-4fc9-bcf7-1eff24bc2826.mp3,1
1e76f8f1-ffcc-4622-a75a-f0652b557b1b.mp3,0
505749df-f054-4c28-84f9-fa36ba67ab3e.mp3,1
82fae902-ba92-4b44-b132-944b144da5c6.mp3,1
c35406bd-2d5b-4d4f-ba4e-45d8d39e701c.mp3,0
25199761-1bcf-4a4d-bbba-ac9e8a941ca9.mp3,0
5ca9901b-5837-4921-8b72-27de88779c7d.mp3,1
b51e90de-2a02-4b09-91ed-d5b942dd1847.mp3,0
08be488e-0f43-4ac7-8503-ad0819058ef6.mp3,1
9242a661-58df-479d-a785-d82a1de4d1cf.mp3,0
57f15bf4-70ed-41bd-8e35-db028bf68a60.mp3,0
5f6f1bcb-2f39-4665-828f-d8ab31b07636.mp3,0
810c6c14-a6ce-4eda-93cc-a00555128afd.mp3,1
8d2a79b3-b50c-41aa-a0f9-ba30ee69116d.mp3,0
82d292c3-0eb4-44cc-b93f-b4b7e4e61e7a.mp3,0
074f460a-927f-403d-bc0a-0c671a3303a4.mp3,0
b6428ca3-0a12-4738-aab4-704fa9f16cf2.mp3,0
234703b9-3e6f-4200-9fec-5a19bfaa16fb.mp3,0
6e376417-2b4f-47f6-85e7-d3ad547614b2.mp3,1
b8d8dcd1-2f50-42a4-9d33-bf70b3182377.mp3,0
187b9946-8ef9-4187-9b65-138de206898a.mp3,1
1eb4c7e8-1c96-4a61-9cfe-790d35f5a5dd.mp3,0
85be096b-1ae0-4e73-aca2-4c26b2def8a9.mp3,1
e07e3cdb-fdf0-459b-97f2-6c4f91e17a5f.mp3,0
a60892bc-1eb7-42d5-ba0d-a5c6d7d20ab7.mp3,1
f23efab0-dd33-4bf3-a2ba-edb568de1cb4.mp3,1
fd064e6f-abdc-42c6-8398-fd9a3e67cb50.mp3,0
515124ee-161f-4a32-9d81-0a594629d20b.mp3,1
692e8eaa-072e-464d-a740-f8a952afabb3.mp3,0
526b8934-e506-412e-b0c8-ef6c7d674b02.mp3,0
be7692b7-ff5b-4fc4-8d03-ee416948fe03.mp3,0
4e0d4362-2e77-42c1-aaac-23b80be000b9.mp3,0
dde98f24-da16-4abe-8113-1197a79b183f.mp3,1
d29f2b76-6703-4147-a375-bfcaf5dafd73.mp3,1
312c2a5a-1574-40dc-96fd-5918afa6d9cc.mp3,0
e20f485d-b2db-4b82-a365-b8780f45597b.mp3,0
95889b67-5d5c-4e59-9f80-a9bcc2254bce.mp3,1
71504edd-2f61-4cce-a4b6-b6776bf16c10.mp3,0
5d46f850-d577-4a2f-8172-72cffbb42017.mp3,1
fa6506ad-b054-4caa-bd3f-99999120bd3e.mp3,1
a010cdee-2ae2-4605-a1ed-c4d6152b35bf.mp3,0
e390c470-1363-4161-8825-960b5d5cb335.mp3,0
cc573d6e-1561-45bf-86f7-43196f74aafc.mp3,0
ee36ef50-9cd7-457c-b39c-ab9dc58974ef.mp3,1
c8a1cb07-0ea1-4d6b-83be-4beeb51fab63.mp3,0
5c475b24-a166-4822-8e2c-2b1631c0d0ae.mp3,0
3645ad22-3e26-4441-a60f-6e63dea7e4cb.mp3,0
7a8cfaac-1b8d-4d2e-b82d-ee8ee3fc8249.mp3,0
3097e3c2-229b-46d4-9a82-fc2cb2dd97a2.mp3,2
ec8038f7-b6b3-44ab-8b89-dd93f2a40503.mp3,0
a0c4a7e2-7c50-4799-a0c8-7b2b85584d85.mp3,1
faba559d-c7b9-4063-8514-4f5d121d0fbe.mp3,0
b4777bdf-b769-4ad9-92b5-119753adceb4.mp3,1
c2a2cf62-a627-4194-bab7-42db03e1531c.mp3,0
f3366bed-8303-4867-b883-ff8f77cdf789.mp3,1
89523d09-9021-41b0-b318-88bab019620c.mp3,1
23725c57-a457-4d9e-80ed-c661cd83edff.mp3,0
594e38e6-2f64-43ff-affb-09bd7e331687.mp3,1
0817a677-8275-4a55-b7bc-c8dca4688cd9.mp3,0
2639201e-3f8c-4c15-b8e5-9f0af7238f5c.mp3,0
a51430d9-ce9b-4a87-89ad-5e8158da729a.mp3,0
9cb98698-331d-4405-8671-d04329ed023d.mp3,1
e5f4f3cc-4170-4926-bc61-2a779058c508.mp3,0
0d3dfd3b-f122-498e-b25e-9771e1a48183.mp3,0
da1c5e79-d95e-426e-a0ae-aa6bd94fd865.mp3,1
7f7bfd99-ce1c-42de-a835-55c650aac08b.mp3,0
778f2f49-e886-48bc-aaef-c39234ca8ef5.mp3,1
d106f661-af59-4589-99a1-409b2903b015.mp3,0
d457774b-80fc-494f-9635-c9d348382165.mp3,0
77269452-af16-4158-90c5-48a50a1a442f.mp3,1
9b59ebde-65b1-460d-a2b7-d1cc9af8698b.mp3,0
c973e61f-ee48-4b1a-a19d-8644f0b6b4a2.mp3,1
079849ac-824a-4c86-8cd3-cbdfc00fcc5c.mp3,0
11e16830-174a-419d-a3e2-3e71df5a452a.mp3,2
4d3ac15f-6742-4583-a163-567c6fc4f073.mp3,0
f8aa38ec-bf18-4bfa-be8c-ea23417d8bfa.mp3,0
a0316fee-2496-4ca8-b103-4980b12d1982.mp3,2
f2e3db2d-d8e6-47e0-a53b-b774f6dc8f10.mp3,0
20fc1b8b-de95-427c-8b77-bdff09abfdd1.mp3,0
1f2dfb21-1c48-4f4d-8d8d-7fd921a4624b.mp3,1
425b7cfc-cf8a-4a89-bb69-b8816cb8ebe3.mp3,2
077b8d51-eff1-4ab2-a616-3cdb743e5ccd.mp3,0
75b6686e-ff8b-4ff6-9d53-6b69074a47a6.mp3,0
93858675-59e9-4789-a32c-e104f4d307e4.mp3,2
d54f5249-3f1c-4d4c-9090-2df86fc70fdc.mp3,1
d3db531a-0957-470a-a5fa-b47d1b1e8430.mp3,0
76da9951-4eae-45c2-b84b-ef2ba82cbd3b.mp3,0
b2a12f00-434e-4a35-8da3-a43be0cd72d5.mp3,0
f2b12011-955d-40a3-a2e1-97d540a3e932.mp3,0
ea4822f1-4954-4310-8e73-ddfd20ceda21.mp3,1
58843d2d-7a64-4f5e-8c64-2edb30d98a61.mp3,0
600c784e-f252-42ae-9ab2-1f93bf652a8e.mp3,1
2ec79788-69f1-4968-a218-f0a0caffc63c.mp3,0
91a05f00-a250-4de3-b0bc-9cc1a8924c20.mp3,0
e22b70f6-1e9d-4c28-81e6-f2f70da88660.mp3,1
695bc2e9-31b3-495f-b90f-e32bd4d8b0d9.mp3,0
d54a7104-3b2d-404b-baa9-7e3aded0ce67.mp3,2
ca5b6d54-527c-4187-a4f3-7936c1324510.mp3,0
49f969c4-deea-478b-950b-4341288d0b2a.mp3,1
146cb268-09f7-4bdc-8322-abddf043eb83.mp3,0
bdef931b-bac4-4339-9ea6-4d8824c62072.mp3,1
59140320-0635-4a76-a055-ada7db7605d1.mp3,0
10c2f960-9707-4b2c-acbc-48db7945ab92.mp3,0
e64469c2-2762-4262-a344-d41cd5e931b0.mp3,0
fb67fb74-e9fd-4da5-ace0-f934e5007e71.mp3,0
835a0134-da2c-4acc-92f9-4bf5c46b99f9.mp3,0
22b09e56-9c8f-4bf7-9ffe-ca287a70486a.mp3,0
5351a283-87fd-43fc-9caf-f1a856a94a2c.mp3,1
cf67385d-9442-4f16-90a3-6e59d38b0f05.mp3,0
732e7c8a-34d5-43a7-8fd2-2a45e6fe0b0a.mp3,2
da710257-9cc7-4f43-8f36-c67cc7e26f67.mp3,1
e7645009-005a-4aa5-831f-32d889e9367d.mp3,1
e82bbd6b-c7e5-46e7-9e6a-ec30d1a01f30.mp3,1
9a6cdb78-f09c-42b4-b261-bc73471d3ed8.mp3,1
cb9db511-a07a-47e2-947d-f2b2d63adb1d.mp3,0
4ffb39e1-afd0-4673-a303-7589684d6f2c.mp3,1
ffc4d7aa-15c1-439a-82e2-eb573f1ec3c1.mp3,0
65f26f37-36ca-47ee-b346-0df0e0e1ed5d.mp3,0
10f49e2c-d342-43ec-9280-42da4dccf840.mp3,0
330ccad8-1d37-445e-aae0-fabc8cd73260.mp3,0
0cb01875-767e-4c55-8b37-31a50112f538.mp3,0
5a1e5d25-53ba-42b6-b17d-c80801ace650.mp3,1
810e6215-b726-4a62-abc5-292c2f53f41d.mp3,0
7bc93513-a9de-4247-ac0a-e9a86f1f9362.mp3,0
84a28f41-2631-4514-b3ea-b5718ab2def9.mp3,0
e653c967-20f4-425e-8be8-a435683e0b35.mp3,0
21f142e0-e344-437f-8bdb-b6768b20e067.mp3,0
554543e5-d52c-4104-8233-d4eb371b1242.mp3,1
3e03e8bc-87a5-4477-974e-bbe1420a629b.mp3,0
ec9d3bc4-c41f-47a9-b756-1da6bbd16d09.mp3,2
aa0513e6-6e32-47be-8930-55dc05686bbb.mp3,0
373e4857-b395-4785-a0a8-f788728c3641.mp3,1
5cf5a8cb-1c2f-46ee-8516-acf67cb2b185.mp3,0
cae87309-f980-4825-a738-a334e6151976.mp3,0
e21d6dac-fedc-43c6-8429-40fbd8563407.mp3,0
1587cf89-b5b9-4306-b7b7-4c0319196055.mp3,1
ab664a84-64cf-4a70-8b6e-2083ce16c10f.mp3,1
45c79780-f3f0-451e-865d-fa14dc07ff68.mp3,0
770827ab-d561-47ac-8b8f-e96f4aced8e2.mp3,2
9578c2f6-9d90-4a7b-965a-c2d512518f82.mp3,0
ee853a15-5dc2-4ce2-b536-974c7f90c835.mp3,2
1a09bdc2-a051-4fd2-82f0-b36f5730514f.mp3,0
c3994765-e718-4fb3-b1ee-6781a16e9bbd.mp3,0
d457b3fc-28a1-4745-8e63-1bab1d66b723.mp3,1
d4fff995-9156-4e4a-aa85-2addc03ddadd.mp3,1
1332197c-8379-439d-a925-4973a8255d42.mp3,0
84651f51-6e70-4cb5-a503-4ec93db5cc94.mp3,0
3c0271be-2fcd-4a95-93b7-244b572f9693.mp3,1
1a36bdc4-2cec-4349-9090-bcdb523eb300.mp3,0
4c4686f0-0d04-4bb7-beab-7ec8a97001ab.mp3,0
4321ee47-bf6b-48d4-8d02-a8b0d1b6c3da.mp3,1
d53c2ebd-c100-4429-8a1a-1d586fe654f8.mp3,0
c33ff6ac-897a-441f-b99a-b7c83b0febd3.mp3,0
9f8e7bfc-bed3-4993-8af9-028331fea5a7.mp3,0
ddc35807-ebe4-4452-a9a4-ca2c19c2037d.mp3,0
afd673d0-fda1-4faa-ba2f-a3aa8a9a53b5.mp3,0
693f63eb-b821-4e60-8900-1deb06ab4ecb.mp3,0
5582e650-46ea-41cf-ae17-89b6ba4157fb.mp3,2
61582802-8dd7-44a0-8435-828b61fdcdb2.mp3,1
ce400400-6c56-40f2-9619-7acfd7dd0916.mp3,1
289cf68c-3911-428c-b3c9-d394348c26cd.mp3,0
e64fa017-97e4-496c-a0b3-708d7106aaa6.mp3,0
89f9d3ea-832a-4d1a-b1a6-739166a238c7.mp3,0
b39a5406-0d0b-4f6f-97e4-76bd569330ad.mp3,1
71f6e4f7-6821-490b-8698-f552a1162925.mp3,1
9df7b849-58de-42ca-8f33-0cf1c2e5ec97.mp3,1
3e77d431-2c31-46a1-9a8b-8dd989ced0f1.mp3,0
bc24d445-0629-4ea4-972f-7ae5acfb0e44.mp3,1
ceee263b-bd30-414c-ba05-844f235b3701.mp3,2
112f60ad-be1d-454f-a484-e51c62132a7e.mp3,0
598c1655-92a6-449a-ac0f-361462d76e6e.mp3,0
95bb9eed-f8b7-4a01-b594-833c6806f9a6.mp3,0
373dc4ef-6e01-4045-a704-dd2c8b0f56b2.mp3,1
f4e4cfa3-0067-4f7e-87a7-81855ea5fc2f.mp3,0
cef4973b-f672-43d1-85a7-d0a6ed6bedc5.mp3,0
3ab1723d-f171-427c-8164-ec14900b59d0.mp3,0
1bcebc29-1aad-4d88-9353-c228510efa21.mp3,0
339eaa89-5902-45af-9411-5ed665110564.mp3,1
bf867215-e16d-4d54-82b3-5cab5ba73df2.mp3,0
ba3837e2-e335-44f0-ba3b-1f688723c779.mp3,1
6efd0972-e4a4-4e56-9b94-7f9f7c5d5f50.mp3,1
31ccca33-3d87-4f1a-8cbd-311e1ddda886.mp3,0
1dd9c13d-d342-457e-bbfa-63a7ee2e40aa.mp3,0
d000ecab-4a5e-458b-99b3-cc77a2b17b70.mp3,0
d10e4a10-0e3f-4660-879b-d1628c3a5b07.mp3,0
cec8cded-64a5-4760-9cf1-13645437864d.mp3,1
1ae2c35a-be8a-4ecb-b40b-4ce2993bd6cd.mp3,1
ddb788e0-6705-4c5b-8016-fe19d08f80f6.mp3,1
357ee1c7-fca9-46f3-9ac2-3b9c538e7079.mp3,0
35ed4276-fb50-46dd-8d10-493cfef8e943.mp3,1
a68fb82c-6e35-4893-8d1c-f839a157ee07.mp3,0
1e8e079a-73db-4788-9122-19d15b278d7a.mp3,1
f7139481-9727-4820-83c6-e2b0486ab877.mp3,0
51ae82bf-386d-4686-bc66-4dcc22f940c1.mp3,1
c210602e-b856-49a9-bc0f-56fac9f0375e.mp3,1
d3228c62-28f3-4458-9d70-6f040eaf588a.mp3,1
6f852179-e7aa-4569-86f4-dd16e9412ed7.mp3,0
847be38d-e442-4307-9035-748292be5739.mp3,0
723868db-4a5c-4ab8-82fa-f814fbcd1e92.mp3,2
41644d03-8c46-4e91-bf5a-a4daee98d775.mp3,0
d8cab7a8-ce28-4b97-bc1e-53177045f2a7.mp3,1
888c528b-8c63-47da-979b-c42bdc9df8c4.mp3,0
b8f5bc1f-4fc7-454e-a6f9-b2ccf4cb0119.mp3,0
cab319a2-bf9f-4181-8292-b73f505778b1.mp3,0
f691c43d-8698-424a-8310-ca9fcd98b55f.mp3,1
c0ff3396-d448-4e5f-a600-b0243a8cd7aa.mp3,1
97eb9d55-476e-420c-89b3-6d8bf0eb841d.mp3,0
881e83e1-878f-4f6f-b2ec-6df4d2b3fbaa.mp3,0
57646453-0736-488f-8294-dbcbb6b1fd9c.mp3,1
e80a137c-0dc1-4303-b38a-58d7ec352fdb.mp3,1
9e4530e4-3f24-41cb-a6d7-c24b48c592b3.mp3,0
7335962e-8f8e-4166-bafe-d758cef21c57.mp3,0
54e737e9-11ee-4f69-8fe7-a60abecfeb8e.mp3,2
46f8f75e-8071-4668-9b0b-316fbe7eb24a.mp3,1
554d0d33-76b6-4626-b634-3ffc6a81aed6.mp3,0
c64558a4-fbb5-4d2f-85a9-23d6a393ac8d.mp3,2
1fcab738-9ef3-400c-b90c-8dc27ebc77df.mp3,1
9a84f2ad-1bfe-468d-a606-0f438df58c25.mp3,1
022a9901-019b-47c3-b10f-cd64e2792c6c.mp3,0
395710d2-d083-401a-b681-f79a1e8ff9a5.mp3,0
7e453f23-25fa-4845-9a00-7e5e34c3b697.mp3,0
3cea2248-d4d3-4d0c-be6d-5b6d54e33bd4.mp3,0
55b9e150-34b3-417f-8cd4-91e99c7f06e1.mp3,0
9ec6959a-6fca-44c4-b930-a45e546f2b0e.mp3,0
98e11375-bd0c-4de1-8bbc-ae000b8cb7c6.mp3,0
c63480cf-ae09-4b4e-a336-514005f1beca.mp3,0
bd98821e-a8ca-4c77-acde-75f7b665dcbd.mp3,0
3be5678c-8c8d-487f-8abf-47950031a418.mp3,1
fead9571-9105-49a9-a5bf-8b686013bbae.mp3,1
b9293252-7a09-4d6b-b607-52ea2008b832.mp3,1
982161f8-577a-4241-ba7b-584311094139.mp3,1
8b1d73c2-9d81-4b08-927a-d7b409a7c031.mp3,1
32e82156-f520-4b24-989c-896d6462c796.mp3,0
6a0f7b87-6b4d-4cc2-b45b-646d307fa333.mp3,0
07ac0c73-87d7-461b-afc6-7da55c3e6cc1.mp3,0
3376bb46-d122-4e0e-b367-d8da579a1c18.mp3,1
aa9b4c38-40c3-4769-814e-fc85a5378b45.mp3,1
1d876dc5-c920-4157-813c-973797d0e9c6.mp3,1
e7ed3144-46af-42f9-9f19-df5dec715e4a.mp3,2
7b120f75-4ba8-4e57-8309-6d9e9e1d4b28.mp3,0
96050a0c-5956-4944-9278-3ad5a6f23cce.mp3,0
fac31f8c-97cd-470b-b1e1-b0fff5524f80.mp3,0
0c0423c7-7600-4e5e-a1f0-93b3d2290cce.mp3,0
10f7ad67-9c44-4355-a416-e7ee24651213.mp3,0
877479cf-2bb4-4c3d-90a9-3510b6aa0989.mp3,0
2ec1584c-a683-4155-85b1-04642a76280d.mp3,1
db575a0d-87e2-430f-ac69-0267b6a75326.mp3,1
645b2bd5-82ee-44f7-a91a-96cb1a55a452.mp3,0
fca6c761-e0a5-4975-9089-1e613dfdca6d.mp3,0
c537f929-c505-48a1-a190-822372c9aaa9.mp3,0
8ce89c9a-741c-46a3-93bf-b53ee0e7f97e.mp3,0
44da33a1-7015-4bb0-991b-c23f8446052c.mp3,0
130654ee-7d13-4ebe-ad6e-e0cf74c83876.mp3,0
f80def83-afc6-4cbd-9b01-8ce0dbcefa07.mp3,1
ced9d729-15e0-4f06-8a75-6ef344b91fea.mp3,0
3890d32a-d280-4b2d-98b4-15faa861528b.mp3,1
788e831b-fc51-4045-868f-6f9f5a8a938e.mp3,0
7328978b-68fe-4a91-8281-d0312c90775c.mp3,0
f8fbf4d0-d443-46fd-a2ab-dad8554f9331.mp3,0
b3bb9423-8477-4a3a-b530-282fbfa98f76.mp3,0
83416e88-c394-45de-b3ca-cb5fea4e04e0.mp3,0
ca7965c9-e02c-4e79-ae54-c982d9ca490b.mp3,0
33617618-9ef5-411e-bdcf-b98ecbe906ea.mp3,1
2224afcc-fd3b-40bf-ae0e-c31970d39c0c.mp3,1
58a02d54-3f6c-40e2-b8ea-09c00be540db.mp3,1
1a58068e-cf4f-4b49-bde6-7b1978b7c954.mp3,0
1537bbf7-e040-4d07-93c3-872634c30303.mp3,1
bb815f13-f6d8-4d5c-961f-81c4f26d0817.mp3,0
dc9fa178-9781-478b-bc60-cd9b4d9dfb02.mp3,1
aa3399f5-582b-4c05-bbf7-0d71a44737a0.mp3,0
cf1b04a1-e13e-4482-aa25-868570aad4e5.mp3,0
ae3e0a3a-3da3-4739-8fb2-e10b907cfb42.mp3,1
4994294f-9d4c-4d54-8240-fa1ff2dd8b85.mp3,0
12e322ae-feb0-4b55-ad69-a0fd50906d5f.mp3,1
c61ed9eb-a633-4165-87ef-f046a094ea5e.mp3,0
ed5be6b9-cab9-4b08-a0b9-91fc37652d19.mp3,0
80d212c4-f6c3-4f63-9841-48e268d369a9.mp3,0
47ddaf28-c6b7-4656-aa7a-fe4a93cada58.mp3,1
b598bd3f-9ead-4c53-abd4-cecc3276b96e.mp3,1
2e45d0b0-fc84-4804-9e67-98c783b734d7.mp3,1
011fb9d9-5e56-4339-9d67-c5fe1a13f29e.mp3,0
5ed9f5b4-3d26-4db7-b5cd-08b0cee6955d.mp3,2
35ff0e16-97f7-49c8-a590-aee9b5d69406.mp3,0
8b8922d5-7656-4226-9a51-46685bc4635f.mp3,0
d1db752a-b668-46d9-a7dc-713941683fc5.mp3,0
11108425-ff36-4da2-9567-a968b9cf64de.mp3,1
e9364e6c-1545-42d4-b499-e840db555684.mp3,1
cf60ea48-7ec3-48bd-a9bc-2c4ab420206a.mp3,1
2317e3bf-bd9b-4b07-880f-5c91d7a06837.mp3,0
c66d30a6-fc14-400d-94ec-ebaacbb5d5fd.mp3,1
cf770577-cc1e-4150-b704-291e86a392f7.mp3,2
10fd74f2-ee8d-45aa-a5db-2a55f30683e9.mp3,2
0dae2197-3de1-4781-9f8e-17d3d3219457.mp3,0
aa0ecbf9-d270-4a08-8544-f8e7d3b9c531.mp3,0
b3937021-2c89-43d8-a8e5-d5e095faf6ab.mp3,0
5f2ef10b-2079-4a77-9333-9e18b7279e86.mp3,0
bf13e96d-39fd-4c0b-9590-01818827aa8d.mp3,2
3170168d-52d0-4e16-977d-334695443c60.mp3,1
d88884ca-1d2a-40f9-8f06-246fc40b212e.mp3,0
b155aac0-738d-4b93-81ce-3c2356dd2a31.mp3,0
ecac8414-8b1f-4ac7-814e-ab44ddfbc352.mp3,0
522900d4-d5e3-4891-99c8-032eef99a300.mp3,1
ee4e3da2-3977-4906-ad45-21f61bd762d4.mp3,0
2f0b70e4-5650-4e89-8ada-df7762e0cf03.mp3,1
d76e63fb-5581-4e10-a5d3-586b774e705e.mp3,1
f40334ae-3333-470e-b126-1b5aa1f6130d.mp3,1
b15c9faa-05e4-4eba-9658-a5e918e5cb81.mp3,0
7b725bcd-71cd-411b-9100-5e753f3b136e.mp3,0
da6aed59-9ac8-410e-ba8f-3f0da6ef4520.mp3,0
fd20228c-f25c-49ea-8c01-55d10b8b9c54.mp3,0
ed6c6107-5d67-4724-add6-4fbf66a49c60.mp3,1
ce70b94c-8621-4de1-bbe2-51357482edf2.mp3,0
32318ad4-1bb8-4fe9-954d-77c87c89bd5f.mp3,2
beb9ef6d-f876-45e5-aa5a-474f2a8c93ea.mp3,0
2a690536-645e-490f-8f39-24a1cbb651b2.mp3,1
c21a78f0-40aa-412d-9a1d-b59e23d47d7f.mp3,0
a74ce18f-8179-4b36-9563-9a93c6e0302c.mp3,0
7ef69ae1-c1bd-45b1-9730-c313503e229d.mp3,0
fef2c9d2-7d55-4bee-828b-6a3649066d8b.mp3,0
88cd65d0-e7c5-4734-81ba-ad1d4ab5b005.mp3,0
62a4e5e7-4990-4df8-aa75-082a87a9edf5.mp3,0
c476eb53-ffc6-4d29-9d0d-1c802b3bf4fd.mp3,0
143c1f57-28e8-4575-a23b-db8fcf32b7bd.mp3,0
3def6560-f532-4a20-816c-4683c5aeedc4.mp3,0
6bbf12ee-63e6-4a9b-a77d-4965cbc592dc.mp3,1
a1c101b6-0140-46c7-9a44-c216b198090f.mp3,1
b2644cfc-da38-409c-98cf-7e04a2aaecaf.mp3,0
347cef71-cc06-421f-ab79-6bf75dd47335.mp3,2
de4c17f2-c53f-496f-a29f-7cbb1ebfe48a.mp3,1
964b8714-f4f4-4877-b373-cf7725950a3a.mp3,0
e05c2d07-1d00-43c8-bfa4-2b277e37ba57.mp3,0
27483d1b-a46d-41b1-8124-6f95b96bcd98.mp3,1
2c98ec51-3e25-45f2-98b0-3ae994eba8c1.mp3,0
acbed284-531b-4102-86e7-11e9c203b7cc.mp3,1
c90ad28c-05c2-48bd-afae-ef64805cf788.mp3,1
97ab34ca-87bc-4237-9522-23c8e9908509.mp3,1
d62c820b-85fd-4bc5-9581-fb963b5aec96.mp3,1
b0096525-9a6c-4a9a-8790-b502634ba058.mp3,0
014eb4d9-bb9f-4a4c-be2c-a05cb7a52720.mp3,0
3aee6ff6-7458-4442-bb8a-e74b0b35d20e.mp3,0
787658a2-af26-414a-8c64-46880b8416c5.mp3,0
f59c80c7-e846-4976-b2e0-51f11d3d63e8.mp3,0
7e31ba72-11d3-4bc4-868c-85a00e707d89.mp3,0
103d18ce-f355-4ca1-9bd1-c1f7612382a4.mp3,0
7a4ab5f9-f085-4381-b28c-d2bc893ccb41.mp3,0
45a08902-a025-4f22-9379-c1064a300131.mp3,2
7ad99b96-f5b4-42b2-9b37-f016b0a52518.mp3,0
f1c444c6-acc6-4d7d-8d86-103ed730c6e7.mp3,1
8f6b2bdd-5222-4c72-9c61-6deea909b971.mp3,0
e7f8ec85-ed12-4bc1-bb75-d92a18885f7f.mp3,0
63dc4050-f4b8-4621-a12d-49d41e81aed0.mp3,0
02c7ed55-48f8-470d-919b-080ee5711d19.mp3,0
8165d1e8-a022-461c-bda2-108912fefe6d.mp3,0
0536537b-4811-4fdf-a790-9728c0ef8822.mp3,1
69c2b157-4f1e-4b2e-b5d9-27726ff97dd6.mp3,0
8c8dda3d-486d-4227-9e02-66e1997081e0.mp3,1
d84d85a5-ba2a-48c8-9241-3d628d22f76c.mp3,0
708e4b5b-5c73-433b-bb35-1e6b6274903c.mp3,0
6d9cf385-8a1d-4854-a888-af7a7d188487.mp3,0
f388bf71-adc8-4c5e-b8da-f875bc6a9222.mp3,0
36cad843-4347-4693-9492-9c63963c21e7.mp3,0
3f95740e-9a7f-4607-982f-15b39bbdc0e1.mp3,0
ea8d4464-bbd9-4836-b494-9b8fc80f385a.mp3,0
15e60a30-3c8d-4e0f-8ed0-7d025ea9549c.mp3,1
4c8cd907-6543-49e5-9e41-ce75952be96c.mp3,0
1793aedb-65af-4ea2-be2b-a7b046f3bfab.mp3,1
e18cddd7-517e-4fdc-ba0d-e9577a42922e.mp3,0
dfa0eb23-7863-4e54-87ed-9ca4c0ba5d13.mp3,0
a92ac162-dad4-4c6a-b093-93dde352a3e4.mp3,0
0f2c1182-bf13-4547-ac00-b2f13dbeba2f.mp3,0
e50f79f7-f459-4d07-88f3-5cf3c06252f4.mp3,0
9ca0f2a4-2dfc-4eef-9c20-25efbf916e9a.mp3,1
95e272af-ef82-413e-8943-ebdb90ee8846.mp3,0
eecf239e-9355-471e-b36e-0c3673e02033.mp3,0
3cdfc313-4be1-4fa7-9e2d-e81616012b6e.mp3,0
bf3a47cf-8381-4d80-aefd-d0d2563a4179.mp3,0
5b7eb6e2-53e9-4db2-8391-f6a133e37db4.mp3,0
78032804-5df5-4a71-828e-a787938009c1.mp3,0
926627f8-1f53-47ca-b7f7-360377178b53.mp3,1
a57b17bf-361b-4569-869c-b7854eac9b39.mp3,0
140c63b7-eb2e-4961-a412-a6dabc6336fb.mp3,1
5f563ccb-3e32-4654-a0cd-a889f1c74917.mp3,1
dcf304ce-5b41-4873-8bb9-aa18837ebc70.mp3,0
b88ec05a-4eb9-4997-990e-85b94f442fb4.mp3,1
e72e4512-29e1-4ac8-8816-50fdfe355f74.mp3,0
1a70a95c-faaf-45bb-9118-8ae512065e36.mp3,1
d452bffe-49f0-44bc-a020-4dcf0c42488c.mp3,0
45722138-6274-4d30-bd2e-e3ea280791c7.mp3,0
627f9cd0-35f8-40b3-9d99-4f540304c2ff.mp3,1
bf11828f-f543-4724-b9ec-70d5c4181d59.mp3,0
b91822b1-15bd-4756-b155-6d52bb5dc20b.mp3,1
e8164ef4-aa69-4c73-b93d-3ecfe29987a6.mp3,0
f0c1af9e-72dc-458c-b9f4-08ec38566970.mp3,0
a54ba4f5-2061-4955-ae1b-d3e15d234d68.mp3,0
eb8cdb4c-9a33-4a2a-bf8e-5666a1755574.mp3,0
fbccbdf4-e640-447e-9ad8-09dbbe4f9e2f.mp3,0
876d85e5-85c3-4337-a227-6445ab45cd2f.mp3,0
55e4c2d1-bbc8-4ac4-b4d6-d5f0c15da782.mp3,0
636a62ca-bcd8-4457-bd98-22ca523efd07.mp3,0
b715c5bc-4630-4055-b47b-7a68dc88014a.mp3,0
fef8d8bc-bc79-4650-a336-64c9ac4960ca.mp3,1
9abb7f3a-a55d-49dd-a8a1-d9190bbf5dd2.mp3,0
1925edb9-0c08-4cbd-918b-1dab33612766.mp3,2
13f1496a-b60e-43f6-bf75-94290c05ab93.mp3,1
3408b58f-5ed0-4462-bde1-481fef6d74a1.mp3,1
1a3d8f43-b3d1-4817-b8ed-af4f10380f52.mp3,0
5194cd61-1dc8-4951-87ff-cfdce809288b.mp3,1
64a97cc9-67e3-4f7c-a9dd-870a1a90e27d.mp3,1
94649b9f-3179-4bea-b8f8-19f8dca47ae3.mp3,0
e5c636da-7b54-45a6-a285-37ee3224a521.mp3,0
90043d34-2fca-485f-ba19-bb5adeaff630.mp3,0
e953a20f-4c87-42f1-ba52-627c546c72c2.mp3,0
5b0401a8-be56-4bf4-9463-27a24b49c6d8.mp3,0
1fbc24b6-dd3a-484f-b933-c89b731601e2.mp3,0
61c6fda6-5a52-4e1b-8cff-cfee4fff8de0.mp3,1
e3244bb1-4147-4b52-afb5-a70359f869e4.mp3,1
747383c6-7511-495e-90ca-b05c85c1a377.mp3,0
1f8742fd-4e65-4f34-9037-2c629f450463.mp3,0
e9abfca6-dbef-4269-9bf1-99f736fe1361.mp3,0
69665f14-7143-4fb2-b0aa-590864250f7d.mp3,2
c8a2f074-0337-4fec-8b2d-c65fcee5c27a.mp3,0
24d3736f-175c-4c88-ab70-faa807827b0c.mp3,0
d2de631b-8fa2-4e47-981a-fe00bd8c875e.mp3,0
2b434a6f-57ae-4439-bb3e-2bec521af74a.mp3,0
1cca3ed5-6e26-4743-8833-746128b9bc4e.mp3,0
7890e173-b8a3-4dc0-9327-610eded09a67.mp3,1
5ad4cecd-b2da-4005-9ffc-8457e08e459c.mp3,0
76f80caf-86d3-4fc5-8d9b-f9ec4208ae3b.mp3,0
c4a5e7d5-e505-4f00-96cc-35ef682b10f0.mp3,1
17ece562-f319-4ff9-9c48-3d6eda3c50b3.mp3,1
69d61538-4cf3-45f0-843f-be0e6e28efc6.mp3,0
1eb9c8f4-a7a3-4c59-b14d-658409e3642d.mp3,0
ff376395-bb1a-4606-a036-8be39474cf0b.mp3,0
5315104d-a506-418c-959e-76161eab6956.mp3,1
64e819b4-26cf-428d-8506-2ee80d9e826f.mp3,1
55e9fa55-52bf-41fb-8346-65b5f139692f.mp3,1
78eb5e6a-6eca-424d-9e09-403c7ad620b8.mp3,1
fa18200b-2621-4162-b789-5b9912cdbc37.mp3,0
5c404885-5b92-4176-846a-4dd9f0c8118b.mp3,0
30854114-6550-441d-879a-8775ba7e757f.mp3,1
5e50cbc7-42c3-403c-bb30-5df43d20d42b.mp3,0
dda6e3c3-aab7-4dfe-af1e-92fb8d4e9e46.mp3,0
ea208d18-fb0e-474f-89b3-793d27338099.mp3,0
4032b8bb-4d3a-4a0e-9994-7a2b122b7319.mp3,0
b5997459-b5a6-479a-8864-a8d3b4faadac.mp3,2
99194393-382c-47c4-8eda-c560bef464c5.mp3,0
01e2a500-aa80-4888-8311-7f755a80b870.mp3,1
d9d15b9d-6abe-4b34-a3dd-8a0e661b1fbf.mp3,0
e1d90d6c-f954-4c0d-8e00-60b04a41e92b.mp3,0
8b41f20d-f8bc-4e76-8766-0e7345a668c2.mp3,1
9f0d63d9-7b1f-4e8f-a21c-51a77d291b34.mp3,0
4a61bddd-fe76-484b-97e0-a5b7d915b763.mp3,1
25ff2074-e0e0-4ce9-898e-dfbbae3de088.mp3,0
a6df42cc-ca46-4d0a-9715-203da65ec113.mp3,1
a109331e-babf-4f2c-9b5f-4c6dee3f932c.mp3,1
b28b54d1-2aea-4d34-a5fd-dcafbbaa5163.mp3,0
9ae82514-faf2-4f4a-9c8f-8087edc681eb.mp3,0
3d326490-8131-403c-8a8c-12e6e1386465.mp3,0
c939865d-9e70-47f8-be02-ec1f97ffbcd5.mp3,0
edc06756-2057-41ed-9193-285061eb4518.mp3,0
12ee54ce-a6c4-4794-a3aa-095262ee067f.mp3,1
8b359169-a544-4a25-885b-e2639e3386ec.mp3,0
d9ef89b3-255d-4171-8c27-3cadded8abef.mp3,0
2b97d9c9-b0f4-413c-9b71-d251e8f6f7bf.mp3,1
7fc28b26-f64b-490f-9a5e-a390fd306cd3.mp3,1
4b544152-d2e4-499d-aac4-b2aec9923703.mp3,1
7538f872-cd61-4851-b2c5-41272bc4a3da.mp3,0
48aab0d5-bc16-4c05-ac12-f80080f94db8.mp3,0
1a820f79-5823-4fbc-9f94-b5246426a519.mp3,1
1c56a97b-2f01-49a9-abef-51efa9217c5a.mp3,0
aa8d7134-2933-45f9-810c-9d29938a1210.mp3,0
a68258cf-0c34-4bbf-a717-f20fb667f5b3.mp3,0
f1336eb7-0d2a-4de1-b4d3-007772a3d925.mp3,0
fc752e56-0255-4d2e-9e26-b031953405b0.mp3,1
d6f59092-dbfa-4913-b03b-f8d76f55dfee.mp3,1
bf173220-943a-4fc1-9bd4-c5a434e5e04c.mp3,0
752be323-b465-44d9-b47d-3d5097e48a69.mp3,1
e9bbfdca-e3a0-42fd-b5e1-04eb5f83bc6e.mp3,1
76e551be-c42a-4f21-a42b-e2f286fd4d3c.mp3,0
80b641ea-3252-45fe-8947-593ca8981f54.mp3,0
00c288a4-f135-4c51-abe3-c4834880736b.mp3,1
b5ddc130-347f-41ed-a217-7411af6cfb14.mp3,0
0c8542bf-6187-4b39-b229-4701d179b1e5.mp3,0
7382b10b-5089-45db-b64a-7ec4a900c141.mp3,0
655ee8aa-1fbe-4e2d-a1e5-342f65dd0054.mp3,0
67f23d53-f9a7-4513-b604-ac854fa75231.mp3,0
2fd40320-8e9e-4591-98ab-af3d3c41e25e.mp3,0
c31ca1d1-43f5-42fe-9e83-14236454e83c.mp3,1
e9301aa5-c2ff-4b14-b25e-842bd6d0d68c.mp3,0
d77ce7c5-c9c2-4d3e-996e-891b647ed182.mp3,0
341fa713-f5c7-439f-98a5-fc1869797507.mp3,1
bfc3a5b5-463d-4708-812d-0466e8415a5e.mp3,0
3416d09c-c1ed-417e-a488-06ffbe63df60.mp3,1
0e507883-11fd-4388-8378-ca7be82b0a0c.mp3,0
e8e068c2-7a78-447e-82bd-52a69273af7f.mp3,2
f9853718-a117-43d5-bd11-e4979c31e1a6.mp3,1
5f98f415-2412-43ec-9693-a3ad48a8c1a4.mp3,1
405cbf6e-12c5-42cd-ac1d-4962df97e1cd.mp3,0
63507089-8156-40b9-9eba-0753f9028f26.mp3,1
c1c7039b-0eee-415c-9302-1471c62e56d0.mp3,1
87e7ebdd-044e-4cc0-a202-0591bd5a45e9.mp3,0
1347f613-cb49-415c-919e-325555d76072.mp3,1
fee79a3c-a3e8-4fe7-8e98-788c7df9d7e6.mp3,1
a42900ca-8501-4600-b93d-331e9ccdb6ee.mp3,0
d5e56ef8-ccea-4967-bea9-3378bffc96fb.mp3,0
90aa3aab-b40e-40d7-9b9b-2f9c0a97a7f5.mp3,0
c621da9a-632f-4d66-bff8-af157dede77b.mp3,0
06f3e0f9-e490-4347-943b-aed71b7568cb.mp3,0
fad010fc-8833-4631-be90-f4afdb522713.mp3,1
b0eafc90-d903-4ff2-95da-6297dcdda078.mp3,1
0e40060e-10f4-45e7-9b66-3bd7c2775f89.mp3,0
2992da8f-4a2c-450c-9f04-9b372909a1d9.mp3,1
e308ea97-3998-41c6-a960-9bbb102d6eed.mp3,1
50bc4854-47a3-410e-bc12-2bc53bb1bfd6.mp3,0
1e29fb19-dd3a-4129-a3af-c2b3e182fe64.mp3,0
8ccd0bb6-b8d4-4b33-b7a1-4248b50498ef.mp3,0
0ad646a7-23ff-47d3-8a81-968fa568a338.mp3,0
2a69bbcd-219c-40b9-ae0f-fae5c902288b.mp3,0
36528e35-2835-42c0-9e88-917b4204e9ff.mp3,0
6cb09772-98d3-484f-b98c-84146ddfff85.mp3,0
e2ace14d-1f2e-4813-be21-2f648cc3c3ce.mp3,1
38f6f35d-c55d-4b35-9d2d-c7de3e67c9c7.mp3,0
453cdfc6-e374-46e3-a3f0-ba7426b06e9c.mp3,1
256cecf9-69ba-421b-84a9-0df75e766fbb.mp3,0
45c382ab-1c6d-40fd-b7a3-c849d5bcac81.mp3,0
5f56874d-d272-44ed-9ca7-40521d1913c6.mp3,1
6c78ad1b-58d8-4832-ae28-f5491cec7a82.mp3,0
23c24fc6-8978-4747-b687-37180a3aedea.mp3,1
6aa09ff5-8a66-4e4d-86d5-11484416654d.mp3,1
62d450f8-ddb4-4f00-a8b9-43522f25eaab.mp3,0
fadf5c6f-2fb2-4c6a-8c8b-5ef9125b9784.mp3,0
b4a3fa22-b884-4a06-aa6a-d3f42ab6eea7.mp3,0
970b4ad7-91f7-4db3-88cc-060e85ac19fa.mp3,0
d5188d16-1100-4136-a3a6-3bd2e955bce1.mp3,0
0d3fc4a3-d2db-4616-9f0b-c5bf1fe35f2f.mp3,0
77baa2b0-5514-423a-bb91-ae3f8e1f8f8a.mp3,0
d08abcaf-6c2f-4f6d-906d-3aebc7a3f228.mp3,0
80630a3b-16d7-452d-ab6d-f9ecfd5868f8.mp3,1
9987dd39-945f-4666-af6d-5cfeec7a0e61.mp3,0
dfe1379c-ba96-4c1d-99b6-921d1b08787f.mp3,1
8f429242-8b0a-4e22-9a71-d890bcd91cc0.mp3,2
74b4e492-26c7-4585-9cf2-a43cb9be4f4a.mp3,2
5b818013-36c8-48d9-ba4e-bcf047c6d943.mp3,0
2cb2d975-847d-4ed3-a366-5c88c9e4124e.mp3,2
36526cfa-e5db-4577-9721-dc5e7eb98968.mp3,0
15bbe687-1a79-469e-a0b4-bcceecdbca5a.mp3,0
dbcb7041-ed60-40f5-b243-d709484ec784.mp3,0
d9972df0-3b0a-462e-b813-8d2cffba6216.mp3,0
c340cb60-8b1a-4c51-8d78-a00c4c1e1c39.mp3,1
7ef825e7-22a8-4a66-a80b-14a92b237fd9.mp3,0
accbf851-ca75-4472-8067-0da0811ff628.mp3,0
cdb7ef9a-a560-417a-8fbc-8cfae878e246.mp3,0
0c58dfb0-f48b-40a4-8a1b-d663a4d23022.mp3,1
251173dc-944d-44b1-a184-f8ce24416b12.mp3,0
21dbe52a-9938-4079-a0c4-21de6ab78441.mp3,0
194f0dc6-aa33-46a6-b3cf-86884d474d70.mp3,0
148b0224-5d9b-4c62-881d-99440f726c8e.mp3,0
45a19f64-804d-4b89-a873-b3d74cce9907.mp3,0
8116c92b-f445-4d55-bb60-d3986564b8ac.mp3,0
3d15b94c-11d7-4e74-9af6-03d7f91fbb3a.mp3,0
0651f6dd-9d48-4e75-933b-7c8de1244f4f.mp3,1
2ed54628-70dc-4383-8408-05b0590f0909.mp3,2
cee48dbd-183d-4a08-9b44-a8485746ebd4.mp3,0
009238ba-fade-4fb8-8817-d33aa0467d08.mp3,0
b5bed64f-a076-4e69-b7f7-8f7e178fab9b.mp3,0
3cdd46e5-14b6-4d62-81f9-333629c1d47f.mp3,1
be054b56-4f6c-4426-9c9f-1311ca7a3e53.mp3,2
6b66da36-8c38-4e04-bdd8-4111bba09cc3.mp3,0
81956e2e-9f26-4983-8465-44e22fc1629b.mp3,0
2f6bd52b-d65f-4c85-be48-3369061958a7.mp3,0
b79206b5-6e6a-47c2-99c1-5d302a25d286.mp3,0
2c4482d7-6455-4f27-b78f-daeeccddc5de.mp3,0
c34ce165-6bd5-4503-a45e-2204b0fcd6cf.mp3,0
5019011d-0c37-47bf-be7d-0f22df24817a.mp3,1
385d69a2-9001-4c34-99a2-331cfc0fd7a1.mp3,0
8c2fecac-5e7b-411b-bfa6-899490a64b31.mp3,0
adeb55e8-3a7a-42aa-bbf9-664e1511c915.mp3,1
0b34506c-4f41-4cb6-9502-0cf7229c1de3.mp3,0
153a5da7-565e-46c6-a15d-06ee85b16c96.mp3,0
1f3ad8c5-b751-408a-b89a-33ab7463a58c.mp3,1
43ff89cb-6319-401b-9b08-2c551c60ae91.mp3,1
a8ecfb8f-226d-4f8b-865e-9685425e06e9.mp3,0
d98cfa09-5225-46d2-ae41-0db1bb6c876a.mp3,0
bac83845-0baa-4b4f-bfd5-05bc22433c47.mp3,0
72442dae-3e4d-4bdd-b664-3db6fbfd934c.mp3,0
58c4b6b3-be5d-4495-ae3e-dfb1eac5e05f.mp3,1
17ae5901-e9d8-4719-b5eb-22c4f5828cb8.mp3,0
761e0ab4-0c9c-4ccb-a023-2b85f9588ed2.mp3,1
a144093c-93fc-42de-a5f2-e11ceb81bd06.mp3,1
431b6e6b-a2ee-4896-b0e5-ceb96963febe.mp3,2
48849789-c114-4b7c-88f9-c532bd9a9e38.mp3,1
287cc326-261c-47fc-b649-877a043a7cb6.mp3,0
229022f4-434d-473b-9f05-496da19db374.mp3,0
82f3ea90-b93a-4f87-874a-219061f9e3b6.mp3,1
1f554150-c383-478b-a028-035b6fd34c4c.mp3,0
6a9cfad2-5093-4331-bdfb-e4116716b363.mp3,1
5e5af4e1-a682-402e-86e1-80332088b88e.mp3,1
eab18f59-a031-48ff-ba44-75d989595096.mp3,2
bc951266-610b-4bfa-b6b8-b7e2e1e33e63.mp3,1
5458d392-1337-4447-af0b-1f799b673e25.mp3,1
477ab80d-1d65-4be7-b427-b5685332e866.mp3,1
d90b09f8-9f23-48f5-b50e-aede3e9eb123.mp3,0
d1e51a7d-172d-478f-813d-395c9e307a2b.mp3,1
a5e9aca8-1708-47f2-b55e-49d50c4a3cf2.mp3,2
2222d87c-8a42-43a3-b1ee-e78fef18f780.mp3,0
9e8dd8a8-5390-41db-9e8d-ba362a2175aa.mp3,0
165f6888-c9bc-4a80-93cf-232e2de61258.mp3,0
633ad117-45b7-46c4-96bf-ab43927978ae.mp3,1
afd30b26-5713-4d84-8a0a-5a24a5df6975.mp3,1
21335f2c-1f46-4bd7-be15-9319b84f3461.mp3,0
740abac9-3932-4399-99d5-f991c7eaa1f4.mp3,1
cb136b4e-ba62-46d6-80c7-e3cd67e0a22e.mp3,0
f96b443d-0bae-44a2-9fee-81b471a63df9.mp3,0
0ed12064-a0d6-447d-8149-10ce3c5de9fb.mp3,0
38e690ce-b304-478a-912e-313d041690b7.mp3,0
8a1aa5d7-f885-4969-94da-9ec00818e003.mp3,0
afafb7eb-cede-4c30-bb9b-74488f8b2a89.mp3,0
8d26a515-6559-4ecf-b158-4be1a8eb829d.mp3,0
891b340f-5e0a-477f-a6d3-bf682db12650.mp3,2
4b1c7dae-5794-46cd-84c2-625bdad603d7.mp3,1
e49d1a18-b010-43ed-8bfe-193ced5cd0d7.mp3,1
94a625ac-209c-4834-af4d-eee200b8df45.mp3,1
23be157c-d0bc-4045-ae53-b4c2e1faad12.mp3,1
75392b2f-985f-4efd-a143-f20905f4820f.mp3,0
8f85a517-d430-4816-ad23-9ad9706a5b41.mp3,1
b1d50cf3-0db4-4ad5-bb69-9bfb4ed5c79d.mp3,0
ab6bfebf-34b2-406e-9bcc-bb251f50edaa.mp3,0
b6fd9b2c-fd92-4434-8194-2d5f2ed37c79.mp3,0
087b5094-319e-4ad8-b91a-1e82f946bbcb.mp3,0
07c7be4b-1f10-4aa0-8de9-cdc7e26e62f4.mp3,0
11075181-66da-4ae1-9377-ebd4d482c27f.mp3,0
4856aee9-0db1-4167-b112-43888c51b638.mp3,1
9008a996-43e0-4acf-a0ac-380a06f6b78b.mp3,0
a00a8226-e281-48f7-b5aa-974b8f074c90.mp3,1
1130d816-ab57-4c69-ae68-70037d6cb5e1.mp3,1
b8015722-fec4-423a-a5e9-0319d5f91853.mp3,0
4038a1b7-1fa2-4cac-80b4-adf8b4eeb32f.mp3,1
c3a8222a-2b47-4568-86db-839b1aedeb76.mp3,0
d277aeb5-2487-4f8f-ab20-cc7a7a42b303.mp3,1
d33f021c-1543-49d9-aab4-4cbe7ac8027b.mp3,1
19bc00be-e013-4fe3-9ace-9236944ab6ee.mp3,0
9e82d03b-6aa9-4f69-a265-c4bc3b00ed06.mp3,0
c7200814-4c0f-4ef2-bbcb-8f5534f4bac5.mp3,1
23c7043f-8a11-4eb1-bfc9-33d54f439f9d.mp3,0
767f4fbf-2a16-4e77-b9c6-5ded8ce1a4dc.mp3,0
89a02219-dee7-4ebe-a26e-e8c4c4bbf492.mp3,0
c8b3f50c-f7b4-4d49-92ad-a6a96317ac75.mp3,0
8211d484-11cc-4eea-8e5e-4559150f29df.mp3,0
e47fee45-70e3-44a2-b3b2-fd265da27741.mp3,1
082c7ab4-e174-40d4-9a0f-f8c05241b6b4.mp3,0
68ed2027-447d-4a12-9d55-f2081d4fa241.mp3,0
32865207-fbda-48d0-894f-6bf27d2ec760.mp3,2
56eb1437-62e2-4e26-8a5c-0dd421b65dc9.mp3,1
099709f6-18bb-4c5e-bb1e-9a43719d7375.mp3,0
52e8e800-a740-45fe-9c98-1992fd6d12ce.mp3,2
44ce116f-21eb-4318-8bff-0170c1c9b388.mp3,0
2ab1a014-8b02-477f-b2e5-f4601252b169.mp3,0
d958d682-bdc0-45b2-bcda-367bfba2cead.mp3,0
44f206d8-6135-4569-a9b3-48d0de3ff36c.mp3,0
07987bc4-19b5-4cc4-ae0e-43797d3fa764.mp3,1
b3ddeed8-3205-4ace-92a1-2ee05c0bb5f2.mp3,0
99999a86-b651-405c-a435-08669f4cd5ba.mp3,2
cbde42ea-cc9b-45ce-9c07-f4e24464aa52.mp3,1
db699638-143a-48cd-8f1b-8c5bcb0a30e6.mp3,0
825a9d10-71c1-454a-8b2d-7f7dec43517f.mp3,1
aec6fc4d-4a26-4e3e-b077-936de9615093.mp3,0
4674b9a3-0cfa-42e8-a890-b4980b040eda.mp3,0
41d2ae23-fb7d-4ffe-a8f3-5a8bd5e8cbf0.mp3,1
dbcc4e76-bcfa-4432-bb17-4e9445c1f7b5.mp3,0
d169f5f6-2c8f-475e-a891-0b367ef19278.mp3,1
d8535764-ca3e-4bac-998b-08d82185dc9b.mp3,1
625ca539-554f-478c-b6e3-3a26bf18cfab.mp3,0
f2da87df-b0b9-4291-8863-2cb4bafcbb8f.mp3,1
9aeac80c-d6a7-4f4a-81e4-1dc8a1b800e6.mp3,0
81614c8a-7d2a-4a4a-b68a-78b8c0e2bb5a.mp3,0
1360cc3b-4f3f-4eab-a59d-71d572580933.mp3,1
45b2542d-10b6-4536-8a62-eee70a047eae.mp3,1
d283bfee-be91-4caf-bee5-18f26cec9044.mp3,0
736e7337-2865-436e-9626-8701d0526156.mp3,1
b465f691-47fd-49a1-9634-39ee8e71dbfd.mp3,1
755fcffa-00c5-478c-b029-c2b8fd66fbe4.mp3,0
565dbfe8-b3dd-475e-a636-8b2bbd062d89.mp3,0
873af91d-61ab-4ef5-a6a3-9d75baa93135.mp3,1
04ab9f92-c6c3-45d2-b2da-b9256926b649.mp3,1
7f30aa3f-c0a3-4f65-9730-3a96dba6dc06.mp3,0
38e877ce-4d0d-44b0-a1d1-58c93d414b7a.mp3,0
07db91ee-e24e-408e-8aae-ed6411923050.mp3,0
ee7fa574-4d70-4265-87fe-b294660bd09f.mp3,0
434fc7eb-6de7-416b-ad36-b883623faf27.mp3,0
f6126d7b-fc22-4575-b079-a612b1d409f7.mp3,1
04f3c689-1872-4e12-bc01-69ac2799e0ce.mp3,0
